IDPasseggero,IDPrenotazione
48,1
67,2
27,3
115,4
9,5
36,6
186,7
121,8
187,9
53,10
24,11
59,12
165,13
144,14
199,15
136,16
133,17
3,18
172,19
84,20
163,21
170,22
137,23
146,24
70,25
184,26
100,27
178,28
134,29
163,30
35,31
160,32
195,33
184,34
48,35
187,36
97,37
158,38
145,39
114,40
3,41
35,42
123,43
31,44
160,45
54,46
34,47
183,48
172,49
36,50
133,51
108,52
35,53
114,54
86,55
159,56
154,57
98,58
176,59
155,60
35,61
35,62
59,63
32,64
61,65
5,66
116,67
120,68
83,69
129,70
157,71
41,72
160,73
27,74
13,75
21,76
80,77
187,78
176,79
130,80
67,81
148,82
31,83
141,84
40,85
19,86
89,87
136,88
146,89
189,90
97,91
117,92
111,93
2,94
153,95
172,96
27,97
165,98
2,99
64,100
61,101
120,102
85,103
136,104
129,105
129,106
180,107
96,108
147,109
161,110
165,111
46,112
11,113
33,114
124,115
147,116
198,117
93,118
115,119
144,120
51,121
27,122
172,123
66,124
121,125
23,126
200,127
61,128
95,129
138,130
43,131
186,132
3,133
148,134
103,135
45,136
115,137
55,138
123,139
153,140
109,141
22,142
134,143
66,144
191,145
90,146
162,147
79,148
108,149
192,150
35,151
71,152
13,153
47,154
117,155
146,156
106,157
42,158
179,159
124,160
170,161
62,162
44,163
8,164
49,165
86,166
148,167
59,168
43,169
178,170
179,171
106,172
135,173
110,174
113,175
56,176
39,177
152,178
117,179
43,180
97,181
54,182
61,183
75,184
55,185
58,186
199,187
149,188
184,189
89,190
124,191
80,192
164,193
151,194
41,195
67,196
14,197
144,198
116,199
98,200