IDVolo,IDAereo
AF4415,103
AF4415,172
AI4629,2
AI4629,191
AI4629,190
AI4629,38
AI4629,156
AN5424,196
AO102,57
AO102,157
BD9138,56
BD9138,158
BD9138,92
BV2693,169
BW9525,138
BW9525,97
BX6269,20
BX6269,48
BY7735,184
BY7735,116
BY7735,124
CJ1543,91
DH803,152
DX6939,78
DZ6557,18
EC5316,70
EH998,157
EH998,22
EM3249,163
EM3249,180
EQ2175,195
EW8321,114
EW8321,2
EX1782,169
EX1782,44
FJ2952,59
FJ2952,33
FS7402,137
FV6888,125
FV6888,100
GA7048,128
GD2040,197
GM8170,77
GU5629,59
GY5193,167
GY5193,134
HA7136,140
HA7136,146
HA7136,79
HA7136,92
HK1289,182
HK1289,167
HU2926,184
HU2926,51
HX1063,83
HY1172,62
ID7951,44
II9914,159
II9914,189
IO8118,12
IP8933,168
JF9265,110
JJ3620,35
JM3473,141
JM3473,190
JN2696,46
JP2081,106
JP2081,86
JP2081,3
KA949,156
KA949,157
KB9309,145
KD5680,20
KD6703,122
KD6703,83
KH1267,108
KL4789,1
KM4057,24
KM4057,9
KY7592,101
LX2641,120
MB116,116
MG442,150
MG442,192
ML7225,61
ML7225,182
MT7935,134
MT7935,94
MT7935,42
MU5214,149
NC2491,71
NC2491,186
NJ1758,198
NJ1758,11
NJ1758,135
NQ234,143
OD4574,33
OD4574,135
OH3267,160
OM450,107
OM450,53
OS5278,146
OS5278,192
OS5278,60
OS5278,117
OS5278,87
OU7811,28
PF3016,139
PM6010,159
PN3152,161
PN6439,122
PP3536,129
PX2004,194
PX2004,35
QK4827,171
QK4827,146
QL6711,37
QL6711,44
QM4862,42
QM4862,139
QO7154,158
QO7154,190
QT8610,186
QU3327,111
QU3327,194
QV8233,73
QV8233,170
QV8233,192
QZ6729,84
RD2291,72
RW7492,72
RW7492,56
RW7908,199
RW7908,24
RW7908,48
RX6301,36
RX6301,141
SD8670,76
SF1259,59
SF8620,116
SI7575,46
SL7829,38
SL8072,187
SN7208,117
SQ2617,179
SQ2617,87
SS6187,37
SS6187,131
TJ6772,13
TJ6772,12
TP4179,156
UB2477,75
UJ790,187
UJ790,160
UN1808,99
UN1808,130
UO5849,129
UR8573,41
UY420,187
VF9731,45
VF9731,181
VH6054,24
VH6054,79
VM5676,161
VQ1342,74
WC2970,2
WC2970,72
WC2970,162
WC2970,174
WF1213,124
WI1805,13
WJ6320,73
WJ6320,158
WK8566,59
WL667,53
WT4129,42
XA8648,80
XG8406,26
XG8406,62
XG8406,155
XG8406,180
XK8216,196
XX3582,31
XX3582,194
XZ7316,195
YB1134,68
YK9987,83
YO4910,152
YO4910,4
YP4452,28
YP4452,11
YQ3753,12
YQ3753,58
YZ9516,82
ZP1172,63
ZP1172,103
ZP1172,155
ZP1172,194
ZP1172,45
ZW9448,79