ID,DataP,DataA,Prezzo,Intercontinentale,IATAP,IATAA
PC4428,8/2/2024,8/2/2024,578.11,True,LAX,PSA
W65967,9/3/2025,9/3/2025,1024.87,True,VIE,SOF
FR7639,6/9/2023,6/9/2023,98.83,True,AMS,NRT
OS2762,28/05/2024,28/05/2024,1070.01,False,NRT,VCE
VY3520,5/10/2024,5/10/2024,325.48,True,ORY,HAM
IB2642,7/10/2023,7/10/2023,679.94,False,IAH,LHR
QR9039,11/3/2023,11/3/2023,681.12,False,ORY,ESB
IB360,10/2/2025,10/2/2025,408.69,True,YYZ,HKG
U27841,18/07/2023,18/07/2023,881.22,False,LIN,ZRH
EK8551,15/05/2024,15/05/2024,840.55,True,DOH,LED
SK9006,14/05/2024,14/05/2024,1028.92,False,BRU,LGW
W67742,28/11/2024,28/11/2024,635.56,True,VLC,DUB
U28478,23/03/2025,23/03/2025,600.53,False,MEL,BRU
W68130,4/3/2023,4/3/2023,148.93,True,ORD,YYZ
AZ9571,28/01/2025,28/01/2025,352.73,False,MUC,BCN
AZ2912,8/6/2024,8/6/2024,1055.44,False,BCN,VCE
U22348,19/10/2023,19/10/2023,410.72,False,MAN,PSA
PC413,11/2/2024,11/2/2024,56.9,False,SEA,ORD
AY8613,29/10/2024,29/10/2024,1015.93,True,MXP,PEK
BA110,9/12/2023,9/12/2023,1198.02,True,IST,SIN
VY8865,24/03/2023,24/03/2023,657,False,MEL,MXP
TK5338,27/09/2024,27/09/2024,1208.38,False,CMB,DXB
PC5964,13/01/2024,13/01/2024,695.85,False,MAN,FCO
VY5387,25/02/2024,25/02/2024,474.6,False,MUC,MRS
OS9074,17/06/2023,17/06/2023,1164.65,True,TXL,OSL
AF146,5/12/2024,5/12/2024,712,False,YYZ,LHR
W62920,22/11/2023,22/11/2023,36.59,True,DOH,ORY
FR8910,10/7/2024,10/7/2024,317.28,True,DFW,CDG
AY8549,26/11/2024,26/11/2024,197.13,False,DFW,HAM
QR5408,14/02/2025,14/02/2025,1209.55,False,SEA,AUH
U27532,11/6/2024,11/6/2024,709.77,False,DXB,BHX
VY4582,12/11/2024,12/11/2024,1007.17,True,FCO,CMB
OS4116,6/9/2023,6/9/2023,714.04,True,ORD,SOF
PC6106,8/3/2024,8/3/2024,1118.3,False,ESB,LAX
VY4173,8/4/2023,8/4/2023,196.59,True,VLC,MRS
SK7467,26/02/2025,26/02/2025,557.37,True,AMS,STN
SK6629,15/01/2024,15/01/2024,93.54,True,AMD,FCO
LO9741,29/11/2024,29/11/2024,617.86,False,SOF,SVO
SK2867,26/01/2024,26/01/2024,947.86,True,IAH,AUH
AZ2556,27/03/2025,27/03/2025,773.21,False,PSA,DOH
EK5032,16/02/2025,16/02/2025,476.71,False,ARN,FCO
IB758,4/8/2023,4/8/2023,664.16,False,NCE,MAD
U26611,17/09/2023,17/09/2023,366.81,True,OPO,ZRH
FR5566,20/07/2024,20/07/2024,664.03,False,DUS,IST
AF814,2/1/2024,2/1/2024,966.73,True,DFW,GVA
U29593,9/6/2023,9/6/2023,569.44,False,ICN,LIN
SK1102,17/08/2024,17/08/2024,1086.68,False,SEA,LHR
SN1485,9/9/2024,9/9/2024,1226.58,True,DUS,LED
SN6977,1/10/2024,1/10/2024,900.08,False,MEL,AUH
SK9618,19/10/2023,19/10/2023,206.71,False,MXP,DUB
OS853,29/03/2024,29/03/2024,1140.81,False,LIN,ORD
EW7587,28/03/2023,28/03/2023,1271.15,True,SIN,CDG
KL4458,29/10/2024,29/10/2024,1219.71,False,OSL,SVO
EW8445,16/09/2024,16/09/2024,106.99,True,MXP,SOF
SK4263,21/03/2025,21/03/2025,642.21,False,LAX,NCE
EK1051,16/02/2023,16/02/2023,980.2,False,MAD,HEL
AZ7131,4/5/2024,4/5/2024,115.49,False,CPH,GRU
VY7960,23/10/2023,23/10/2023,942.3,True,YYZ,LGW
IB8548,5/5/2024,5/5/2024,1186.36,True,MAD,MEL
EW8226,25/10/2024,25/10/2024,361.41,False,STN,VCE
EW2480,29/01/2025,29/01/2025,1212.01,True,GRU,MEL
SK3083,18/12/2024,18/12/2024,412.89,True,SYD,MAN
TK8408,10/11/2024,10/11/2024,1251.51,False,SIN,VCE
VY2699,11/8/2023,11/8/2023,290.4,True,BGY,SYD
SK1435,5/2/2023,5/2/2023,116.49,False,FCO,HKG
BA7609,24/06/2023,24/06/2023,328.13,False,EDI,VLC
KL3429,23/03/2023,23/03/2023,1017.73,True,BRU,MXP
OS8539,19/12/2023,19/12/2023,940.24,True,SOF,CPH
SN5461,7/3/2024,7/3/2024,237.64,False,BGY,HEL
VY9558,21/05/2024,21/05/2024,653.17,False,SCL,ARN
QR7245,19/02/2024,19/02/2024,1169.6,False,YYZ,CMB
PC7921,23/04/2023,23/04/2023,73.12,False,MUC,JFK
IB1172,28/06/2023,28/06/2023,1147.94,True,GRU,CPH
TK6378,4/12/2023,4/12/2023,218.76,False,YVR,DUS
U29759,24/07/2023,24/07/2023,1260.58,False,ESB,BHX
SK6993,9/10/2024,9/10/2024,1256.81,False,WAW,ARN
BA7081,14/10/2023,14/10/2023,1181.75,True,ZRH,FCO
EK1152,13/03/2023,13/03/2023,411.52,False,CDG,BGY
EW2945,2/9/2024,2/9/2024,664.88,True,ZRH,ARN
QR9595,26/04/2023,26/04/2023,818.52,False,VCE,BUD
LO1778,20/01/2023,20/01/2023,602.19,False,VCE,AUH
IB3247,16/02/2023,16/02/2023,43.29,True,AGP,MAD
EW5260,2/7/2023,2/7/2023,1044.91,True,SYD,SIN
LO6412,16/02/2023,16/02/2023,824.19,True,LIN,MIA
W63415,20/04/2024,20/04/2024,914.05,True,YYZ,LAX
OS2485,15/08/2023,15/08/2023,288.23,False,ZRH,MIA
TK528,16/12/2024,16/12/2024,345.32,False,DUB,ICN
QR5285,14/03/2024,14/03/2024,167.47,False,FCO,HEL
BA3173,12/6/2023,12/6/2023,1200.25,False,ICN,CTA
W68191,27/05/2024,27/05/2024,451.66,True,CPH,EDI
EW2603,29/08/2023,29/08/2023,931.83,True,NCE,ZRH
IB2645,6/6/2023,6/6/2023,793.4,True,LED,BCN
SN1161,31/07/2024,31/07/2024,966.16,False,SIN,MAN
VY8940,7/9/2023,7/9/2023,769.75,True,ORD,SEA
EW175,28/01/2023,28/01/2023,55.3,True,SOF,IST
VY3053,16/08/2023,16/08/2023,1276.79,False,YYZ,MUC
PC1626,6/4/2024,6/4/2024,111.47,True,ORY,FRA
PC426,17/10/2024,17/10/2024,1062.03,True,HAM,YVR
EK8178,9/3/2024,9/3/2024,457.97,False,AMD,BHX
FR1410,2/3/2023,2/3/2023,554.17,False,MAD,DFW
TK3207,12/9/2024,12/9/2024,642.81,False,OPO,BRU
OS189,25/03/2025,25/03/2025,348.55,True,FRA,MAN
BA2614,10/6/2024,10/6/2024,723.33,False,VCE,LED
AY3053,15/05/2023,15/05/2023,943.6,False,JFK,ORY
AZ1850,28/03/2025,28/03/2025,1164.69,True,LHR,DOH
SN9083,22/11/2024,22/11/2024,114.96,False,LIM,MAN
EW2156,16/04/2024,16/04/2024,558.53,True,TXL,ESB
W69861,31/05/2024,31/05/2024,295.81,True,DOH,ARN
AY758,23/10/2023,23/10/2023,460.41,True,FCO,JFK
LO5100,16/02/2023,16/02/2023,1232.92,False,MRS,LIS
AF9438,14/12/2024,14/12/2024,882.63,True,PSA,ESB
LH2251,4/11/2024,4/11/2024,133.53,True,ATH,DUS
OS2952,28/04/2023,28/04/2023,124.28,True,SCL,FCO
LO8375,26/10/2023,26/10/2023,352.46,True,LIN,ZRH
VY9391,7/6/2024,7/6/2024,1208.67,True,DOH,WAW
AY7870,9/9/2024,9/9/2024,1191.09,False,DXB,PRG
EK7391,25/06/2024,25/06/2024,764.01,False,DUS,FCO
U26019,30/12/2023,30/12/2023,359.28,False,MEL,ESB
TK103,29/10/2023,29/10/2023,1032.23,True,DOH,FCO
QR862,13/05/2024,13/05/2024,926.13,False,BOG,VCE
VY4320,28/08/2023,28/08/2023,515.35,True,NCE,MUC
LO2379,31/03/2023,31/03/2023,1120.82,False,ORY,FCO
TK7722,8/9/2023,8/9/2023,864.48,True,SIN,BUD
EW1909,16/03/2025,16/03/2025,102.81,False,BRU,BUD
SK8032,7/1/2023,7/1/2023,1115.45,False,CPH,MAD
TK1101,1/10/2023,1/10/2023,285.55,True,FRA,SEA
PC6552,14/02/2024,14/02/2024,1220.54,False,WAW,AGP
SK1139,21/10/2023,21/10/2023,42.97,False,MXP,YYZ
TK3428,2/5/2024,2/5/2024,485.56,False,AMS,GRU
AY1139,2/3/2024,2/3/2024,1157.55,True,SAW,MRS
SK1871,31/10/2024,31/10/2024,328.76,True,WAW,SOF
OS3983,10/7/2023,10/7/2023,942.18,True,SVO,FRA
SK1988,1/7/2024,1/7/2024,821.72,True,FRA,DXB
SK6328,5/10/2023,5/10/2023,1085.52,True,AUH,LED
U24426,19/03/2023,19/03/2023,976.79,True,PMO,GRU
U29624,1/10/2023,1/10/2023,612.47,True,HAM,SVO
VY7272,18/07/2023,18/07/2023,944.13,False,HEL,EDI
AY129,15/11/2024,15/11/2024,271.17,True,NRT,MXP
IB6778,11/9/2024,11/9/2024,674.28,False,NRT,ORY
SK175,27/12/2023,27/12/2023,1186.28,False,ARN,YYZ
AY164,19/02/2024,19/02/2024,1248.07,False,EZE,DOH
TK2383,14/02/2023,14/02/2023,1061.28,False,DFW,WAW
IB4631,8/2/2024,8/2/2024,1227.36,True,EZE,BOS
AZ6563,21/06/2023,21/06/2023,718.07,True,OSL,DXB
LH1472,3/6/2023,3/6/2023,1164.27,False,PMO,PRG
AY1471,29/11/2024,29/11/2024,353.13,False,SIN,SYD
AF8320,22/07/2024,22/07/2024,112.89,True,LIN,GRU
QR822,14/06/2023,14/06/2023,465.97,False,ORY,GRU
FR6831,16/03/2025,16/03/2025,724.19,False,FCO,ESB
LH716,27/06/2024,27/06/2024,635.29,True,EZE,DOH
W63584,24/06/2024,24/06/2024,1166.88,True,HAM,FRA
OS4740,16/08/2024,16/08/2024,984.73,False,LIS,LHR
AY7186,10/12/2024,10/12/2024,829.34,True,HAM,MAD
EK8185,12/1/2025,12/1/2025,572.77,False,MIA,ATH
IB8521,17/09/2024,17/09/2024,799.26,False,SCL,VCE
LO5747,21/06/2024,21/06/2024,822.49,True,MIA,LIM
AY3477,17/03/2023,17/03/2023,810.94,True,VIE,MXP
W69346,15/10/2023,15/10/2023,658.63,False,NAP,AMD
SK1554,9/9/2023,9/9/2023,1044.79,True,ARN,FCO
SN4329,14/03/2024,14/03/2024,257.79,False,HEL,CPH
LH8814,1/9/2024,1/9/2024,246.01,False,GVA,SOF
KL4785,26/11/2024,26/11/2024,1245.04,True,SCL,PRG
LO3177,30/01/2024,30/01/2024,724.41,False,LIN,CDG
OS4471,1/7/2024,1/7/2024,667.87,False,SOF,DFW
EW8654,16/11/2023,16/11/2023,308.56,False,SCL,BOG
BA1757,25/09/2024,25/09/2024,562.57,True,LAX,MAN
VY3889,7/10/2023,7/10/2023,56.79,True,EZE,ORY
QR7719,26/08/2024,26/08/2024,307.88,True,OPO,HAM
IB3826,15/04/2023,15/04/2023,447.24,True,STN,JFK
SK5424,20/07/2024,20/07/2024,905.47,True,ATH,MAN
LO7088,8/2/2023,8/2/2023,1112.37,True,AUH,PRG
TK7632,5/12/2024,5/12/2024,747.59,True,BRU,VCE
U2903,11/10/2023,11/10/2023,51.35,False,NRT,GVA
AZ2718,30/04/2024,30/04/2024,786.66,True,HKG,ATH
AZ1888,26/08/2024,26/08/2024,379.43,False,ESB,CTA
AF3129,14/02/2025,14/02/2025,633.59,True,SVO,MIA
TK4701,3/11/2023,3/11/2023,505.95,True,BUD,DFW
AZ1340,4/9/2023,4/9/2023,1121.92,True,OPO,LIN
LH3437,8/9/2024,8/9/2024,591.3,True,ARN,ZRH
IB5664,26/03/2025,26/03/2025,557.42,False,BOG,AGP
IB7882,14/03/2025,14/03/2025,1238.74,False,BCN,ESB
FR318,17/10/2023,17/10/2023,704.54,False,PMO,BCN
TK4414,31/05/2023,31/05/2023,1136.39,False,ICN,SYD
EK4801,5/8/2024,5/8/2024,624.75,False,PEK,DUS
FR7568,23/11/2024,23/11/2024,1246.43,False,VCE,OPO
W68777,1/4/2024,1/4/2024,1146.58,False,NAP,DXB
AZ1754,10/1/2024,10/1/2024,1069.8,False,CMB,LIS
SK8870,13/08/2023,13/08/2023,874.05,False,DFW,HAM
VY8583,3/6/2023,3/6/2023,1229.55,True,MIA,AUH
AF6161,20/12/2023,20/12/2023,1037.91,True,SYD,DFW
OS4855,6/1/2023,6/1/2023,107.2,True,ICN,LAX
SN1252,19/07/2024,19/07/2024,332.46,False,DXB,MAN
VY5606,29/11/2024,29/11/2024,1273.65,False,WAW,MAD
KL3687,27/03/2024,27/03/2024,193.04,True,DUB,CDG
IB1086,19/12/2023,19/12/2023,327.79,False,BRU,DFW
U22154,2/3/2025,2/3/2025,938.83,True,FRA,BCN
W67803,4/1/2025,4/1/2025,175.72,False,MEL,BRU
LH5192,7/9/2024,7/9/2024,814.75,True,LIN,AMS
IB7600,14/11/2024,14/11/2024,32.83,True,MUC,AMD
U25020,10/3/2024,10/3/2024,868.79,False,TXL,MAN
KL9209,23/12/2024,23/12/2024,272,True,LHR,ORY
VY4781,24/05/2024,24/05/2024,1145.61,True,IAH,NAP
W64315,11/2/2023,11/2/2023,1228.65,False,LHR,BOG
U2726,29/04/2023,29/04/2023,79.72,False,PMO,LAX
IB2969,5/1/2024,5/1/2024,566.31,True,IAH,NAP
PC9548,9/6/2023,9/6/2023,243.25,False,CMB,HKG
AZ596,4/10/2023,4/10/2023,376.17,True,LIN,ORY
FR2763,27/12/2024,27/12/2024,277.46,False,ARN,VCE
W6988,1/5/2023,1/5/2023,64.29,False,DUB,BOS
LO3126,6/3/2024,6/3/2024,794.9,False,ZRH,SAW
EK3941,19/01/2023,19/01/2023,1135.89,True,MXP,ATH
IB1977,2/3/2025,2/3/2025,487.89,False,ORY,LIN
AF132,11/1/2025,11/1/2025,736.86,True,STN,DUB
AZ7157,14/01/2024,14/01/2024,202.26,False,MAD,IST
SK8935,16/12/2023,16/12/2023,603.24,True,SYD,DOH
BA1153,26/01/2025,26/01/2025,1044.54,True,MEL,HAM
KL9755,15/06/2023,15/06/2023,309.47,True,DFW,SCL
SK8016,25/08/2023,25/08/2023,783.32,True,YVR,MUC
TK2747,29/08/2024,29/08/2024,1036.94,False,DXB,NCE
AY5694,16/02/2024,16/02/2024,69.97,True,OSL,ARN
QR7602,12/6/2024,12/6/2024,1089.42,False,BLQ,ZRH
LO7134,23/07/2024,23/07/2024,434.28,True,PSA,SIN
KL6211,14/03/2024,14/03/2024,597.41,True,LED,EZE
AZ5214,14/11/2024,14/11/2024,1218.87,False,DOH,ZRH
EW7017,21/09/2024,21/09/2024,515.04,True,MRS,HAM
U24401,21/08/2023,21/08/2023,673.03,True,MUC,VLC
EK187,19/03/2024,19/03/2024,840.48,True,NRT,DOH
IB2198,8/9/2024,8/9/2024,954.99,True,LIS,DFW
U29847,17/07/2024,17/07/2024,1020.76,True,NAP,BHX
BA1189,20/08/2023,20/08/2023,852.17,True,DXB,BRU
AZ9905,3/2/2023,3/2/2023,1111.59,True,PSA,AMS
AY566,15/11/2024,15/11/2024,1293.19,False,VIE,BRU
W67856,29/12/2024,29/12/2024,294.47,False,IAH,TXL
VY8992,20/04/2023,20/04/2023,225.43,True,HAM,ESB
TK1829,24/03/2024,24/03/2024,783.93,True,FCO,NCE
IB7754,7/8/2023,7/8/2023,820.16,False,SYD,OPO
EK1604,20/03/2024,20/03/2024,530.94,False,CTA,SYD
VY5597,21/06/2023,21/06/2023,317.43,True,SOF,ORY
PC9423,7/7/2023,7/7/2023,1079.9,True,SCL,ORD
LO2862,20/11/2023,20/11/2023,444.89,False,DXB,DFW
W69483,16/05/2023,16/05/2023,1118.48,False,BGY,MEL
LO353,11/12/2024,11/12/2024,546.89,True,CTA,ORD
EK159,30/12/2023,30/12/2023,976.83,False,GVA,MEL
AF1666,21/01/2023,21/01/2023,1279.22,False,LHR,MEL
VY7544,3/3/2025,3/3/2025,491.18,False,GVA,ORY
KL1114,11/7/2024,11/7/2024,159.06,True,BCN,EZE
IB1383,23/10/2023,23/10/2023,207.87,True,MUC,SEA
TK6959,9/12/2024,9/12/2024,1144.32,False,BUD,ORY
U28596,28/12/2023,28/12/2023,573.47,True,ESB,SAW
LO1765,7/8/2023,7/8/2023,489.98,False,SCL,LED
VY3141,11/5/2024,11/5/2024,450.57,True,BUD,SVO
AY2657,15/01/2023,15/01/2023,516.44,True,LIM,BLQ
PC4489,20/11/2024,20/11/2024,982.52,False,ESB,SCL
KL5479,30/06/2023,30/06/2023,712.32,False,ARN,YYZ
VY357,6/1/2023,6/1/2023,755.28,False,LGW,NAP
SN1025,6/2/2024,6/2/2024,837,False,ORY,DUS
QR1137,27/05/2023,27/05/2023,1277.56,False,CDG,PRG
VY4662,18/06/2023,18/06/2023,604.86,False,ORY,AMS
BA5881,3/5/2023,3/5/2023,147.2,False,SAW,ESB
AF1312,16/12/2023,16/12/2023,641.73,False,GRU,BOS
FR5896,27/01/2024,27/01/2024,880.33,False,BGY,JFK
AY7846,21/08/2024,21/08/2024,1253.51,True,OSL,IST
PC2932,28/01/2025,28/01/2025,189.93,True,VLC,BGY
LH5561,20/08/2023,20/08/2023,841.52,False,BUD,LIM
AZ9815,7/11/2024,7/11/2024,110.46,False,PSA,VLC
LH1259,31/01/2025,31/01/2025,471.61,False,JFK,LED
FR3406,5/8/2023,5/8/2023,609.39,True,GVA,VIE
FR2059,5/3/2025,5/3/2025,1058.9,False,ZRH,IAH
KL8149,18/09/2023,18/09/2023,795.34,False,BLQ,MRS
LH3463,1/3/2025,1/3/2025,43.23,True,BRU,LIN
AZ7214,26/12/2023,26/12/2023,481.41,True,SEA,HAM
SK7474,25/02/2023,25/02/2023,1130.68,True,GVA,WAW
QR9275,27/01/2025,27/01/2025,835.26,False,AMD,AUH
IB4042,8/10/2024,8/10/2024,466.47,True,AGP,MEL
VY6526,11/9/2023,11/9/2023,660.23,True,DUS,GVA
IB3819,12/9/2024,12/9/2024,55.93,False,AGP,YYZ
W65687,20/09/2023,20/09/2023,271.49,False,BCN,CDG
EW7620,21/06/2023,21/06/2023,143.62,False,SVO,SIN
EW9278,1/9/2023,1/9/2023,897.61,False,AUH,PRG
LO1502,22/08/2024,22/08/2024,1270.88,False,VCE,SCL
AY2775,3/11/2024,3/11/2024,1097.05,False,SEA,SIN
QR4691,27/07/2024,27/07/2024,690.73,False,NAP,BGY
W64782,11/3/2023,11/3/2023,704.82,False,SCL,GVA
PC2245,12/4/2023,12/4/2023,404.81,True,PSA,NCE
PC9588,19/11/2024,19/11/2024,1195.63,False,HAM,ORD
KL925,12/11/2023,12/11/2023,1096.64,False,VCE,ZRH
FR1380,23/08/2024,23/08/2024,480.1,False,PEK,OPO
AZ8813,4/4/2024,4/4/2024,560.79,True,DOH,SAW
AZ6527,15/11/2023,15/11/2023,262.49,True,BLQ,BOG
W63496,10/3/2024,10/3/2024,410.15,True,HEL,VCE
EW5366,23/02/2023,23/02/2023,209.66,True,BUD,BCN
TK3835,25/11/2024,25/11/2024,1012.84,False,VCE,YVR
OS4177,10/2/2024,10/2/2024,1035.47,False,BRU,AMD
LO9043,13/02/2025,13/02/2025,986.61,True,BOG,CTA
TK6778,9/9/2023,9/9/2023,429.12,False,HAM,CTA
EK3950,25/11/2024,25/11/2024,267.68,True,NAP,CTA
W62554,22/04/2023,22/04/2023,671.09,False,VLC,DOH
TK9258,19/09/2023,19/09/2023,121.86,False,NCE,AMD
AZ4533,24/04/2024,24/04/2024,1246.81,False,VCE,MXP
TK6753,21/07/2024,21/07/2024,124.6,True,HKG,SCL
LO7513,25/10/2024,25/10/2024,1059.09,True,BLQ,EZE
SK9358,7/5/2023,7/5/2023,109.7,False,HKG,DUB
AZ1458,10/2/2025,10/2/2025,702.38,True,SAW,SCL
OS6794,24/04/2023,24/04/2023,385.51,True,MAD,BOG
FR7585,1/1/2023,1/1/2023,134.08,True,PSA,FRA
SK7134,24/11/2024,24/11/2024,587.61,True,ORY,PEK
TK9340,19/04/2024,19/04/2024,406.05,False,AMD,VLC
LH9764,21/09/2024,21/09/2024,603.24,True,SCL,AMS
LO1447,23/09/2023,23/09/2023,34.75,False,ORY,VIE
EK5465,26/11/2023,26/11/2023,1256.57,True,MIA,FCO
LO3714,17/08/2024,17/08/2024,1267.32,True,SCL,BRU
KL2010,13/01/2024,13/01/2024,436.74,True,ARN,OPO
EK7278,3/8/2024,3/8/2024,626.17,False,HEL,YVR
EW5670,9/4/2024,9/4/2024,766.33,True,LIN,MAD
AY9430,13/01/2025,13/01/2025,588.77,False,HKG,EZE
LH5434,8/11/2024,8/11/2024,608.6,True,DOH,ORY
QR9427,22/02/2024,22/02/2024,184.26,True,ATH,MAD
W62489,28/02/2023,28/02/2023,834.13,False,HEL,NCE
KL2246,8/9/2024,8/9/2024,1263.54,True,OSL,ARN
LO7041,1/4/2024,1/4/2024,509.9,True,LHR,DUS
W61812,2/10/2024,2/10/2024,431.68,True,EZE,SOF
VY7438,29/10/2024,29/10/2024,533.93,True,MAN,BHX
EK1261,3/10/2024,3/10/2024,1181.82,False,GRU,FCO
KL6597,18/07/2024,18/07/2024,299.59,False,SVO,AMD
KL4767,13/05/2024,13/05/2024,1004.9,False,MUC,ATH
FR3833,23/09/2023,23/09/2023,169.8,True,TXL,STN
TK4280,29/05/2023,29/05/2023,1177.66,True,SVO,PSA
IB7436,25/01/2025,25/01/2025,466.97,True,MUC,IST
FR1144,21/03/2024,21/03/2024,154.78,True,ZRH,EZE
LO171,15/06/2024,15/06/2024,569.79,True,BCN,PSA
BA2053,26/01/2023,26/01/2023,114.17,True,ICN,MAD
OS5311,4/3/2025,4/3/2025,589.38,True,EDI,ZRH
OS899,10/8/2024,10/8/2024,803.93,False,VLC,MAN
SN7366,5/8/2023,5/8/2023,909.56,True,DOH,MXP
AY3714,6/9/2023,6/9/2023,775.07,True,CMB,BHX
SK5136,17/06/2024,17/06/2024,275.06,False,BOG,ICN
BA6899,30/01/2023,30/01/2023,656,True,WAW,BOG
SN9882,1/3/2025,1/3/2025,536.2,False,LGW,MEL
EW3475,29/01/2024,29/01/2024,390.37,False,BOG,GRU
AY6397,3/8/2023,3/8/2023,528.21,True,NCE,PRG
W63041,20/06/2024,20/06/2024,574.43,True,BRU,OSL
AZ2041,29/04/2024,29/04/2024,324.53,False,BRU,ORD
SN6356,2/1/2023,2/1/2023,264.29,True,SOF,BRU
U27591,5/12/2024,5/12/2024,977.53,True,SOF,ATH
FR3956,31/07/2024,31/07/2024,702.39,True,BCN,SVO
EK3860,29/08/2023,29/08/2023,318.01,True,MAD,LIS
BA2707,1/1/2023,1/1/2023,560.72,False,BOS,GRU
AY4020,11/2/2024,11/2/2024,959.16,True,OSL,ESB
VY197,23/08/2024,23/08/2024,1185.14,True,LGW,SYD
SK9558,21/05/2024,21/05/2024,56.45,False,GRU,DUB
SK4394,16/05/2023,16/05/2023,970.23,False,YYZ,ATH
BA356,15/07/2024,15/07/2024,1114.69,False,BGY,CTA
SK6352,13/01/2025,13/01/2025,905.57,True,SOF,OPO
AF6604,10/2/2024,10/2/2024,744.9,True,HAM,AGP
PC9331,15/11/2023,15/11/2023,1246.44,False,JFK,NRT
TK5793,11/1/2025,11/1/2025,704.44,True,ZRH,HEL
FR7681,27/11/2024,27/11/2024,526.19,True,FRA,ZRH
W62708,2/8/2023,2/8/2023,701.78,False,DFW,LIS
OS1955,13/08/2023,13/08/2023,597.77,True,AMD,BOS
LH3617,21/02/2023,21/02/2023,712.62,True,ORY,FCO
AF6318,9/8/2023,9/8/2023,1160.87,True,BOG,FCO
EW1416,31/01/2023,31/01/2023,189.3,False,LED,SOF
QR7302,12/11/2023,12/11/2023,1079.22,True,BOS,DUS
KL1319,15/05/2024,15/05/2024,51.39,False,EDI,ESB
KL5772,2/3/2023,2/3/2023,633.04,False,DXB,TXL
LH9835,10/5/2024,10/5/2024,1188.96,False,ICN,HAM
IB800,20/08/2023,20/08/2023,1221.47,False,ZRH,PMO
IB6986,9/3/2024,9/3/2024,1286.62,True,LGW,BHX
U23355,17/02/2023,17/02/2023,875.25,False,YYZ,MUC
PC5449,18/01/2023,18/01/2023,869.36,True,JFK,SVO
BA5224,9/4/2023,9/4/2023,1018.03,False,AUH,CPH
PC8766,26/07/2023,26/07/2023,460.78,False,MXP,CDG
W61555,10/2/2025,10/2/2025,1098.38,True,BHX,ATH
AZ2000,6/10/2024,6/10/2024,652.91,False,CPH,LAX
LH950,24/09/2024,24/09/2024,271.74,False,ESB,BRU
QR1513,31/12/2023,31/12/2023,547.74,True,LIN,SCL
EK1042,16/12/2023,16/12/2023,93.07,True,AGP,LIS
FR6821,9/3/2025,9/3/2025,895.17,True,BUD,CTA
OS2167,16/10/2023,16/10/2023,493.13,True,LED,ATH
VY7725,24/04/2023,24/04/2023,957.85,True,HKG,VCE
SN2966,2/1/2024,2/1/2024,633.03,False,MRS,YYZ
BA8686,23/06/2023,23/06/2023,610.99,False,SIN,IST
FR7741,16/09/2024,16/09/2024,365.34,False,IST,DUB
AZ4521,1/3/2023,1/3/2023,567.8,False,LIN,MIA
BA3556,31/10/2024,31/10/2024,57.8,False,LIM,SOF
TK6373,8/9/2024,8/9/2024,245.55,False,GVA,LIN
LH1974,19/02/2023,19/02/2023,446.34,True,PSA,CDG
SK3623,29/12/2024,29/12/2024,1146.67,False,ORD,AMD
SN8641,6/3/2024,6/3/2024,320.08,False,FCO,ORY
AZ8398,11/2/2025,11/2/2025,1137.3,False,HKG,BOS
U25690,6/7/2023,6/7/2023,834.05,False,HAM,BLQ
AZ1947,28/12/2024,28/12/2024,853.55,False,BRU,PSA
W65578,17/06/2024,17/06/2024,1047.04,True,MEL,CMB
EW1331,9/4/2023,9/4/2023,761.35,True,NCE,DFW
SK7713,11/10/2023,11/10/2023,1259.31,True,LIM,IST
EW7262,7/6/2024,7/6/2024,787.7,False,YVR,BHX
PC3349,9/7/2024,9/7/2024,381.91,False,DFW,PEK
LH3532,11/9/2023,11/9/2023,114.14,False,VCE,STN
SK4470,30/05/2024,30/05/2024,508.57,False,FCO,CMB
AF7541,30/11/2024,30/11/2024,364.45,False,MIA,SEA
AZ8044,4/1/2025,4/1/2025,1041.67,False,SAW,MAN
EW5162,25/02/2023,25/02/2023,1136.7,True,LED,YYZ
AF191,17/06/2024,17/06/2024,747.75,True,ESB,MRS
KL8480,28/10/2024,28/10/2024,566,True,AUH,BOG
KL9211,29/05/2023,29/05/2023,845.73,False,AGP,NAP
EK1079,10/11/2023,10/11/2023,227.22,True,YVR,VLC
VY2949,25/08/2024,25/08/2024,1071.19,False,BOG,VCE
AY2088,27/04/2023,27/04/2023,1035.91,True,ORD,BLQ
SK3919,11/1/2024,11/1/2024,665.54,True,FRA,IST
KL5956,19/12/2023,19/12/2023,440.31,False,BLQ,MRS
VY837,20/03/2024,20/03/2024,990.72,True,IST,BHX
BA8289,12/10/2024,12/10/2024,788.62,True,PSA,JFK
AY6414,27/04/2024,27/04/2024,840.12,True,YYZ,EDI
W69836,9/7/2023,9/7/2023,1043.93,True,LGW,DXB
AY5336,17/12/2023,17/12/2023,643.32,False,SIN,MAD
KL9999,22/03/2025,22/03/2025,1131.8,True,LIM,PEK
LH2942,24/06/2024,24/06/2024,1247.97,True,LIM,EZE
AY9250,27/07/2024,27/07/2024,1217.45,True,BUD,DUB
W66084,9/3/2025,9/3/2025,762.74,False,LAX,MIA
QR2022,17/05/2023,17/05/2023,1059.13,True,LIN,HEL
SN5258,28/04/2023,28/04/2023,678.96,True,ARN,STN
PC8566,2/7/2024,2/7/2024,520.48,True,AGP,VLC
SK5171,5/4/2023,5/4/2023,680.18,False,AMD,NRT
OS345,5/4/2024,5/4/2024,1164.6,True,SOF,BCN
U26403,30/07/2024,30/07/2024,1122.97,True,ORY,MRS
AY490,3/3/2025,3/3/2025,896.51,False,IST,VIE
AF1555,22/12/2024,22/12/2024,693.11,False,MAN,MXP
BA1344,24/01/2023,24/01/2023,383.77,True,ICN,MRS
W68351,11/12/2023,11/12/2023,976.96,False,PSA,GRU
AY8758,23/05/2024,23/05/2024,1126.53,True,MAD,ORD
U26729,17/05/2023,17/05/2023,344.7,False,NCE,LED
AY6440,24/03/2024,24/03/2024,582.01,False,MIA,BRU
OS7695,16/11/2023,16/11/2023,266.45,True,VCE,GVA
LO6318,11/4/2023,11/4/2023,959.94,False,LED,NCE
U2452,24/02/2023,24/02/2023,299.41,False,MXP,WAW
AY5353,7/12/2024,7/12/2024,967.85,False,YYZ,FCO
TK355,1/5/2023,1/5/2023,372.02,True,SVO,CDG
W65723,24/12/2023,24/12/2023,644.31,True,DUB,PSA
TK6462,2/1/2025,2/1/2025,775.51,False,GRU,YYZ
EW9630,13/07/2023,13/07/2023,793.84,True,BOG,SEA
EK4762,25/05/2024,25/05/2024,1258.41,True,HKG,GVA
PC5628,21/04/2024,21/04/2024,828.16,False,BCN,SAW
EK5215,28/12/2023,28/12/2023,187.46,True,AMS,ATH
VY6036,4/6/2023,4/6/2023,601.12,True,BOS,DUB
AF4776,22/04/2024,22/04/2024,426.59,False,FRA,AMS
TK7945,23/11/2023,23/11/2023,368.48,False,SOF,AMD
VY2852,24/02/2024,24/02/2024,889.56,False,MAD,DUS
IB2718,29/09/2023,29/09/2023,88.2,True,OPO,BHX
OS6702,9/5/2023,9/5/2023,142.3,False,BOG,EZE
SK5365,12/1/2025,12/1/2025,240.47,True,YYZ,BUD
OS7493,6/12/2023,6/12/2023,1164.4,True,MRS,DXB
TK2840,29/05/2023,29/05/2023,587.95,False,ORD,ESB
EK5278,24/02/2023,24/02/2023,680.32,True,DUS,TXL
EW190,1/11/2023,1/11/2023,731.32,True,VCE,AMD
AF2560,29/12/2023,29/12/2023,52.13,True,VLC,ICN
TK1197,13/03/2025,13/03/2025,581.92,True,VCE,DUS
QR9775,11/7/2024,11/7/2024,1221.91,True,ICN,FRA
BA2323,1/5/2023,1/5/2023,1239.91,True,PEK,ICN
AF8775,16/04/2024,16/04/2024,926.9,True,FRA,BRU
LH5824,17/08/2023,17/08/2023,292.82,True,CTA,EZE
LH3139,5/9/2023,5/9/2023,781.42,False,SVO,BRU
EW2471,19/05/2024,19/05/2024,270.87,True,VCE,BRU
LH5926,28/06/2024,28/06/2024,1036.96,False,GVA,CTA
EW7157,7/3/2024,7/3/2024,123.64,True,PRG,AGP
SK2326,22/08/2023,22/08/2023,209.99,True,LHR,SCL
AY4490,24/12/2024,24/12/2024,727.6,True,DUS,LGW
AY530,4/6/2023,4/6/2023,284.68,True,MIA,SVO
AZ285,6/11/2023,6/11/2023,31.17,False,DOH,MEL
VY880,7/10/2024,7/10/2024,911.21,False,MAD,SOF
FR7176,25/11/2024,25/11/2024,957.04,True,LIM,CMB
EK8458,16/06/2023,16/06/2023,36.03,True,SVO,VCE
OS2189,29/10/2024,29/10/2024,289.04,False,STN,PSA
U21635,30/10/2023,30/10/2023,1138.62,False,BOG,LIN
LO9269,24/03/2024,24/03/2024,1166.1,True,PSA,DUS
QR966,29/04/2024,29/04/2024,621.64,False,MUC,LAX
SN9466,18/06/2024,18/06/2024,1032.05,True,BOG,BHX
LH5716,19/10/2024,19/10/2024,691.96,True,DXB,NCE
AZ3960,4/10/2023,4/10/2023,1254.61,True,OSL,LAX
OS2147,13/07/2023,13/07/2023,1116.37,False,OPO,CDG
AZ8456,16/09/2023,16/09/2023,741.88,True,YVR,VLC
SN8641,6/4/2024,6/4/2024,506.72,False,SOF,YVR
EW9356,23/10/2023,23/10/2023,1270.71,True,MAD,DFW
SK3718,5/7/2023,5/7/2023,473.57,True,MUC,ORY
SK3198,22/07/2024,22/07/2024,234.67,False,VIE,BCN
FR5488,29/08/2024,29/08/2024,1010.52,True,CTA,VLC
QR9281,18/02/2024,18/02/2024,165.84,False,ATH,CDG
TK6635,3/12/2024,3/12/2024,1132.88,False,CMB,PRG
PC7976,16/06/2024,16/06/2024,112.59,True,SIN,DOH
AY628,19/10/2023,19/10/2023,57.52,False,NAP,VCE
SN2485,15/02/2025,15/02/2025,1183.22,True,HKG,BOS
LO2005,26/05/2024,26/05/2024,403.71,True,LED,GVA
QR6312,1/6/2024,1/6/2024,325.31,False,PMO,IAH
PC9708,25/03/2024,25/03/2024,517.86,False,BHX,WAW
KL7477,7/5/2024,7/5/2024,1072.7,True,LIS,DUS
PC484,7/5/2024,7/5/2024,1128.11,False,IST,ICN
OS9524,20/10/2024,20/10/2024,227.03,False,CPH,CTA
LO8001,6/12/2024,6/12/2024,1094.95,False,AMD,ARN
IB9430,17/07/2023,17/07/2023,98.83,False,HAM,SCL
BA9341,2/9/2024,2/9/2024,958.62,True,ARN,SIN
EK4826,21/01/2025,21/01/2025,235.73,True,PRG,BGY
LH1178,28/03/2023,28/03/2023,1084.81,True,ESB,VCE
SN2228,20/06/2023,20/06/2023,297.73,False,SVO,PEK
EW1068,24/11/2023,24/11/2023,192.43,False,LAX,YVR
TK4830,16/02/2025,16/02/2025,1012.78,True,LIN,PMO
TK5657,8/10/2024,8/10/2024,939.33,True,BRU,WAW
AF9020,20/04/2023,20/04/2023,337.14,True,AUH,FRA
AF474,1/11/2023,1/11/2023,567.36,True,MUC,VCE
EK7486,14/03/2024,14/03/2024,1098.65,True,PSA,TXL
AF8045,26/01/2025,26/01/2025,944.36,True,BGY,MUC
U23186,18/03/2024,18/03/2024,718.13,True,MAD,HKG
TK8433,4/8/2023,4/8/2023,1252.54,True,AGP,LGW
QR949,28/04/2023,28/04/2023,678.5,True,MXP,LIM
IB2573,2/10/2023,2/10/2023,164.31,True,SIN,EDI
IB2695,10/9/2024,10/9/2024,482.59,False,SIN,BUD
AY4011,25/10/2023,25/10/2023,1023.99,True,BUD,EZE
LH9971,21/02/2025,21/02/2025,674.02,False,LAX,SCL
EW9722,5/3/2023,5/3/2023,810.6,True,PRG,LIM
QR6693,5/8/2023,5/8/2023,40.41,True,DUS,SYD
PC8177,19/02/2025,19/02/2025,176.19,True,FCO,YYZ
U2949,25/10/2023,25/10/2023,855.47,False,FCO,SEA
EK8313,3/1/2023,3/1/2023,779.18,True,VIE,BUD
SN2135,22/02/2024,22/02/2024,1180.7,True,PRG,SVO
LH3745,4/7/2024,4/7/2024,54.13,False,BOG,BOS
QR2620,13/10/2023,13/10/2023,1277.62,False,NRT,DFW
QR9918,9/10/2023,9/10/2023,647.91,False,EDI,AUH
EW4856,10/4/2024,10/4/2024,975.55,False,HAM,CPH
AF8875,25/11/2024,25/11/2024,736.39,False,GVA,EZE
FR1819,30/01/2025,30/01/2025,1262.69,False,IAH,MIA
AZ9450,9/11/2023,9/11/2023,1084.61,False,BRU,BOG
BA6908,30/03/2024,30/03/2024,857.05,True,MRS,SEA
SN4611,23/08/2024,23/08/2024,1171.64,True,FCO,SCL
SK1667,6/3/2025,6/3/2025,139.57,True,ARN,SOF
BA8174,20/01/2023,20/01/2023,836.79,False,VIE,MXP
AZ8273,20/07/2023,20/07/2023,274.78,False,CTA,TXL
IB7733,16/04/2023,16/04/2023,1143.36,True,MAD,JFK
BA4619,23/02/2024,23/02/2024,1235.73,False,IST,PMO
LO6633,11/5/2023,11/5/2023,1256.89,False,DFW,MUC
LO5207,15/09/2023,15/09/2023,1073.46,True,VCE,DUB
TK3977,26/03/2024,26/03/2024,975.03,False,BHX,HAM
EW1465,18/02/2025,18/02/2025,1218.17,False,PEK,AUH
SK3796,5/12/2024,5/12/2024,621.35,True,MRS,NCE
SK6850,24/10/2023,24/10/2023,305.71,True,BCN,ATH
BA5953,22/10/2024,22/10/2024,264.12,True,SEA,HAM
SK8696,6/5/2024,6/5/2024,583.83,False,IAH,NCE
AY3212,4/1/2024,4/1/2024,225.2,True,BUD,FCO
BA7815,8/4/2023,8/4/2023,766.01,True,CTA,PMO
BA2168,15/02/2025,15/02/2025,41.35,True,BLQ,SCL
PC8552,1/5/2024,1/5/2024,814.29,True,AGP,PEK
SN1959,6/6/2023,6/6/2023,873.14,True,DXB,MUC
PC3928,12/9/2024,12/9/2024,383.38,False,CTA,OSL
U25229,12/3/2023,12/3/2023,243.9,False,VCE,AUH
EW3007,7/2/2023,7/2/2023,47.3,False,ATH,CTA
IB7220,31/08/2024,31/08/2024,1193.64,True,IST,DOH
QR5634,15/01/2023,15/01/2023,502.49,True,DUS,LIS
AY2955,18/07/2023,18/07/2023,930.81,False,WAW,BLQ
PC2356,21/11/2024,21/11/2024,121.28,False,MRS,AMD
AF6686,27/05/2024,27/05/2024,479.17,True,ZRH,BUD
LO7014,3/1/2025,3/1/2025,872.03,True,PEK,SEA
TK4227,18/06/2024,18/06/2024,404.64,True,JFK,VCE
EW8025,14/05/2024,14/05/2024,749.14,True,BUD,AUH
EK5312,14/08/2023,14/08/2023,347.21,True,SOF,ZRH
PC3722,27/01/2024,27/01/2024,113.28,True,LAX,ATH
AY9240,11/6/2023,11/6/2023,723.18,False,ATH,BOS
AZ889,24/02/2025,24/02/2025,469.9,True,LED,EDI
U2962,9/7/2023,9/7/2023,57.29,False,HEL,LGW
FR9341,31/01/2024,31/01/2024,1265.14,True,MUC,CMB
TK5698,17/10/2023,17/10/2023,87.87,True,ATH,MEL
EW4089,10/2/2023,10/2/2023,94.3,False,VIE,LED
W67564,2/2/2024,2/2/2024,704.59,False,VCE,SAW
VY3339,7/12/2024,7/12/2024,1194.13,False,AUH,BHX
OS5470,2/5/2024,2/5/2024,1236.83,True,TXL,EDI
LH7886,5/3/2025,5/3/2025,1027.36,True,ESB,SEA
SK4754,4/8/2024,4/8/2024,375.13,False,PRG,BRU
BA5978,19/03/2024,19/03/2024,1065.99,True,PEK,ARN
OS8725,4/11/2024,4/11/2024,90.57,False,NAP,AUH
LH6306,24/08/2023,24/08/2023,772.41,True,BLQ,LED
SK8175,13/12/2023,13/12/2023,59.4,False,HKG,OSL
KL567,11/6/2023,11/6/2023,183.58,True,BOS,SIN
IB4522,19/03/2025,19/03/2025,263.69,False,LIN,CMB
SK9366,9/2/2024,9/2/2024,790.13,True,SOF,DUB
FR5498,5/1/2023,5/1/2023,1282.78,False,ARN,CTA
LO2612,9/5/2024,9/5/2024,976.99,False,BOS,VIE
KL2014,1/8/2023,1/8/2023,278.61,True,EZE,SIN
OS9196,5/5/2024,5/5/2024,851.04,False,MUC,BUD
QR4688,18/04/2023,18/04/2023,1103.81,False,VIE,LHR
AY5231,18/02/2023,18/02/2023,708.4,False,LED,LGW
TK7529,7/1/2025,7/1/2025,725.63,False,NAP,DOH
IB2943,26/03/2024,26/03/2024,35.72,True,BGY,BOG
SK9381,23/02/2023,23/02/2023,51.33,True,SYD,BLQ
W6226,23/02/2025,23/02/2025,192.61,True,ATH,VIE
BA109,27/06/2024,27/06/2024,740.01,False,CPH,FCO
FR5065,17/10/2023,17/10/2023,564.2,True,MEL,SYD
AY6581,28/12/2024,28/12/2024,968.14,False,JFK,SIN
EK8777,17/01/2025,17/01/2025,724.81,False,LIS,SEA
U29047,9/7/2023,9/7/2023,348.52,False,HEL,OPO
AF8786,7/1/2024,7/1/2024,117.11,False,OPO,AMD
QR8148,30/01/2023,30/01/2023,1279.06,False,DOH,BHX
QR1625,13/02/2024,13/02/2024,625.02,True,LIS,DXB
VY3255,7/6/2024,7/6/2024,1003.3,False,PMO,BRU
W61612,23/06/2023,23/06/2023,475.47,True,ICN,SOF
FR4323,26/09/2023,26/09/2023,1030.38,True,BCN,EZE
AZ5093,17/11/2024,17/11/2024,492.51,True,HAM,EDI
BA7771,29/12/2023,29/12/2023,416.5,False,LAX,PRG
W62097,29/05/2023,29/05/2023,104.8,False,LED,PSA
LO9727,31/05/2024,31/05/2024,251.73,True,OSL,DXB
BA3797,31/01/2025,31/01/2025,642.6,True,BRU,MIA
BA7228,20/05/2023,20/05/2023,1238.96,False,HEL,STN
SK8836,24/08/2024,24/08/2024,1004.55,True,LAX,LED
U24587,19/11/2023,19/11/2023,969.14,False,ARN,MXP
FR8860,2/2/2023,2/2/2023,1204.63,False,HKG,SCL
TK1382,24/05/2023,24/05/2023,1130.5,True,VCE,NCE
EW7167,21/09/2023,21/09/2023,135.88,True,TXL,CPH
AY8140,8/12/2024,8/12/2024,675.32,False,YVR,SVO
LH1849,10/11/2023,10/11/2023,1292.2,True,AMD,MIA
W66386,18/08/2023,18/08/2023,257.9,True,EZE,SCL
SK4156,3/3/2023,3/3/2023,911.71,True,BHX,MEL
KL3519,13/03/2025,13/03/2025,1026.31,False,GVA,HEL
AF1327,23/06/2023,23/06/2023,107.48,True,SCL,BCN
OS210,17/04/2024,17/04/2024,1129.89,False,AUH,PEK
KL2552,22/11/2023,22/11/2023,894.14,False,BCN,AUH
W65347,21/06/2023,21/06/2023,1000.13,True,MEL,JFK
QR4750,23/01/2025,23/01/2025,708.62,False,HAM,DXB
SN9614,1/5/2024,1/5/2024,1139.57,True,MEL,MAD
AZ9478,3/3/2024,3/3/2024,919.43,False,LIN,MAN
EW9093,3/8/2023,3/8/2023,216.98,True,LHR,FCO
TK713,16/06/2024,16/06/2024,269.14,False,CDG,SCL
VY1879,12/1/2023,12/1/2023,1183.78,True,ORY,WAW
AZ9163,14/08/2023,14/08/2023,99.57,False,MAD,GRU
AY8178,16/12/2023,16/12/2023,308.71,False,ESB,GRU
EW5731,22/03/2025,22/03/2025,1015.03,True,CPH,FRA
LH1712,21/10/2024,21/10/2024,365.58,True,ORD,OPO
FR1449,14/03/2024,14/03/2024,693.81,True,FCO,ARN
SK7598,25/06/2023,25/06/2023,406.46,False,PMO,SIN
KL8833,17/09/2023,17/09/2023,713.1,True,MIA,JFK
SN9384,19/09/2024,19/09/2024,1008.05,True,SCL,MEL
SK5147,30/10/2024,30/10/2024,270.74,True,SAW,SEA
OS7980,12/7/2024,12/7/2024,243.46,False,JFK,MAN
VY1956,26/07/2023,26/07/2023,226.9,True,CPH,CMB
FR5759,29/03/2024,29/03/2024,965.29,False,YVR,ORY
IB8582,23/06/2024,23/06/2024,933.47,False,NAP,CTA
KL1630,9/11/2024,9/11/2024,539.78,False,DUB,MXP
W68691,25/12/2024,25/12/2024,522.05,False,BHX,STN
AZ6677,21/11/2023,21/11/2023,837.48,False,FCO,EZE
IB8621,13/12/2024,13/12/2024,612.3,False,BOS,BLQ
FR2072,8/2/2024,8/2/2024,689.14,False,DFW,BLQ
VY8818,29/02/2024,29/02/2024,776.19,False,FCO,BRU
FR3495,24/03/2025,24/03/2025,470.79,False,PSA,DXB
LH2385,20/08/2024,20/08/2024,1233.28,True,BLQ,FRA
U24393,2/1/2023,2/1/2023,673.5,False,CTA,SEA
U2216,7/3/2025,7/3/2025,193.8,True,IST,BOS
AF7326,26/06/2023,26/06/2023,287.18,True,PEK,DUS
TK1771,3/2/2025,3/2/2025,861.61,True,SYD,TXL
W6588,2/2/2023,2/2/2023,446.56,True,ZRH,SOF
AF8288,22/12/2024,22/12/2024,268.69,False,OSL,BOG
IB1170,24/01/2025,24/01/2025,1157.86,True,BUD,PRG
EW6342,1/9/2024,1/9/2024,1129.17,False,ATH,DUB
KL7360,31/07/2024,31/07/2024,84.07,False,NAP,LIN
LO3367,20/01/2025,20/01/2025,179.46,True,WAW,DUS
EK8030,25/12/2024,25/12/2024,99.92,False,BOS,MXP
LO8606,22/01/2024,22/01/2024,888.17,True,AUH,IST
VY3226,24/06/2023,24/06/2023,1213.98,True,ARN,HAM
U27621,19/06/2023,19/06/2023,770.23,True,SAW,CTA
LO2770,22/11/2024,22/11/2024,40.95,True,IST,CTA
FR3291,24/10/2024,24/10/2024,174.12,True,DOH,ZRH
KL4239,27/12/2023,27/12/2023,994.37,True,DXB,LAX
U22618,28/04/2024,28/04/2024,728.92,True,PEK,CTA
SK5239,27/01/2024,27/01/2024,936.19,False,BLQ,NRT
AZ1961,14/02/2024,14/02/2024,1091.63,True,SYD,LAX
AZ1469,5/11/2024,5/11/2024,1232.48,True,VIE,GVA
LH7803,23/07/2023,23/07/2023,559.37,True,ICN,MAN
AF1803,29/10/2024,29/10/2024,723.42,False,LIN,LIS
SN3796,10/1/2025,10/1/2025,213,True,LIS,LIM
AF991,13/07/2023,13/07/2023,147.22,True,DXB,CDG
EW3952,26/08/2023,26/08/2023,1009.46,True,MUC,BLQ
VY854,6/3/2024,6/3/2024,833.15,True,MIA,SYD
IB1656,18/10/2023,18/10/2023,183.64,True,SAW,MIA
LO429,12/2/2024,12/2/2024,288.36,False,PMO,YYZ
OS9851,14/05/2024,14/05/2024,310.23,False,VLC,OSL
IB3075,29/04/2024,29/04/2024,1236.51,False,JFK,ORY
EW7189,3/2/2025,3/2/2025,534.22,True,PSA,HKG
OS6557,30/10/2023,30/10/2023,881.68,False,SAW,ATH
AZ2958,19/10/2023,19/10/2023,1243.77,True,VCE,MAN
VY6484,28/11/2023,28/11/2023,938.09,False,NCE,AUH
U21722,20/03/2025,20/03/2025,1033.98,True,FCO,MXP
AF8882,13/08/2024,13/08/2024,432.12,True,ICN,SIN
VY8635,4/11/2023,4/11/2023,1138.31,False,MAD,PRG
TK1563,11/3/2025,11/3/2025,880.48,False,LGW,LIS
EK1490,19/07/2024,19/07/2024,450.13,False,BHX,CDG
IB5381,4/10/2024,4/10/2024,781.7,False,DUB,STN
FR4229,14/01/2024,14/01/2024,667.72,True,ZRH,IST
AY275,2/2/2025,2/2/2025,1275.65,False,EDI,VLC
U28269,28/06/2024,28/06/2024,742.81,True,LHR,MUC
AY5908,14/02/2023,14/02/2023,488.32,True,SAW,MIA
SN282,1/11/2023,1/11/2023,704.83,True,IST,MAD
EW9427,18/06/2024,18/06/2024,728.5,True,LAX,DUS
EW8743,8/2/2024,8/2/2024,971.66,True,FCO,LIN
AF7738,17/08/2023,17/08/2023,65.91,False,BUD,PEK
SK1008,21/05/2024,21/05/2024,518.49,True,HEL,IST
IB4503,1/10/2023,1/10/2023,145.97,True,EDI,BGY
PC6914,4/3/2025,4/3/2025,682.15,True,YVR,DXB
AY9643,18/09/2023,18/09/2023,869.2,True,ORY,EZE
LO1591,1/8/2024,1/8/2024,510.65,True,PSA,HKG
AF7963,22/11/2023,22/11/2023,636.77,True,STN,DUS
FR6076,19/01/2023,19/01/2023,210.67,True,BUD,HKG
TK6568,1/1/2024,1/1/2024,945.31,False,BHX,BOG
LO5205,3/1/2023,3/1/2023,386.8,True,OPO,MXP
IB9958,9/3/2025,9/3/2025,550.5,False,ICN,PEK
QR7675,23/07/2024,23/07/2024,498.73,True,OPO,AUH
W67103,6/6/2023,6/6/2023,872.78,True,LAX,SIN
LO6215,15/01/2025,15/01/2025,410.39,False,SOF,HKG
TK2635,15/04/2023,15/04/2023,1206.51,False,SCL,AMS
OS7523,6/3/2025,6/3/2025,135.18,True,BRU,BUD
QR2957,11/1/2024,11/1/2024,313.67,False,EDI,LED
FR2704,26/01/2023,26/01/2023,229.4,False,ORY,VCE
LO1161,24/04/2023,24/04/2023,1023.1,False,HAM,ORD
LO7346,29/11/2024,29/11/2024,752.92,True,GRU,CTA
U28250,6/5/2023,6/5/2023,1183.04,False,PSA,VCE
U24532,28/03/2025,28/03/2025,837.18,False,BGY,LIS
IB6873,12/12/2023,12/12/2023,184.26,False,FRA,MRS
W62309,10/3/2025,10/3/2025,119.73,False,SYD,VLC
PC5184,15/01/2024,15/01/2024,1092.05,True,VLC,ICN
AY2247,22/06/2023,22/06/2023,34.75,True,STN,SCL
U29303,30/06/2023,30/06/2023,1128.2,True,FRA,ICN
EK1866,11/2/2023,11/2/2023,584.73,True,LIN,LGW
IB6042,25/04/2024,25/04/2024,1279.36,False,DXB,AGP
KL5843,8/3/2024,8/3/2024,104.08,True,HAM,HEL
SN9800,26/07/2023,26/07/2023,1174.45,False,ORD,ICN
TK2062,8/2/2024,8/2/2024,42.81,True,CTA,GRU
EK3516,9/2/2025,9/2/2025,846.1,False,DFW,FCO
SN9141,25/12/2024,25/12/2024,135.03,False,ORY,LGW
TK1334,7/11/2024,7/11/2024,458.13,True,SOF,HAM
AF6079,14/03/2025,14/03/2025,545.06,False,MAD,ORY
PC5824,29/07/2024,29/07/2024,208.58,True,SVO,ORD
AF5489,3/2/2023,3/2/2023,491.11,True,MXP,SAW
U26063,21/01/2023,21/01/2023,835.45,True,CTA,TXL
U23557,4/4/2024,4/4/2024,1147.34,False,AUH,TXL
KL1197,17/09/2023,17/09/2023,565.91,True,MRS,NRT
EK626,17/02/2025,17/02/2025,172.51,False,BHX,FCO
BA5730,14/09/2024,14/09/2024,975.75,False,YVR,BUD
SN9257,27/01/2025,27/01/2025,299.61,True,LGW,MAD
IB3547,24/05/2024,24/05/2024,511.5,True,BCN,STN
EW7364,5/8/2023,5/8/2023,139.6,True,LHR,FCO
AZ7755,26/09/2023,26/09/2023,166.93,True,BUD,AGP
EW1914,16/08/2023,16/08/2023,1096.31,True,BHX,AGP
OS7354,21/11/2023,21/11/2023,1190.23,True,CDG,SYD
BA7247,4/11/2024,4/11/2024,215.63,True,STN,BLQ
W61116,13/11/2023,13/11/2023,881.18,False,MIA,ZRH
KL6491,18/11/2024,18/11/2024,1225.21,True,BRU,OSL
AF5188,24/04/2023,24/04/2023,951.58,False,VCE,PMO
LO8232,20/08/2023,20/08/2023,1247.66,False,ORY,SEA
AF4985,29/05/2023,29/05/2023,909.5,False,FRA,BHX
AF6271,29/11/2024,29/11/2024,422.78,False,NCE,AGP
QR8271,11/8/2024,11/8/2024,320.33,True,CPH,ESB
OS2823,12/5/2023,12/5/2023,1186.56,False,BHX,MAD
VY229,3/3/2023,3/3/2023,1069.22,True,IST,STN
EW4198,19/09/2023,19/09/2023,385.46,True,FCO,SYD
AY7651,23/12/2023,23/12/2023,406.37,False,VIE,OPO
EK2652,4/3/2024,4/3/2024,336.17,False,BGY,LED
EW7900,2/3/2024,2/3/2024,621.68,True,FCO,PEK
AZ9095,18/02/2025,18/02/2025,734.02,True,YYZ,MIA
AF2885,13/05/2024,13/05/2024,586.93,False,MIA,DUS
LH4275,16/06/2024,16/06/2024,333,True,EDI,ESB
PC6556,8/8/2023,8/8/2023,1133.34,True,ESB,LIM
IB3407,22/01/2023,22/01/2023,199.01,True,ICN,ARN
EW1138,13/05/2024,13/05/2024,472.29,True,PRG,EDI
LH481,9/8/2024,9/8/2024,1135.57,True,ORD,IAH
SN7813,8/1/2023,8/1/2023,652.6,True,MAD,YYZ
PC7466,4/5/2024,4/5/2024,107.31,False,FRA,SCL
AZ7103,14/06/2023,14/06/2023,1298.64,True,FCO,TXL
QR2622,3/2/2023,3/2/2023,576.37,False,BRU,WAW
OS2840,23/06/2023,23/06/2023,335.89,True,MAD,PEK
IB103,24/05/2023,24/05/2023,523.15,True,BOS,MEL
BA2797,1/2/2024,1/2/2024,1011.34,True,DFW,STN
AY169,26/04/2023,26/04/2023,171.56,True,BOG,HKG
KL1731,25/12/2023,25/12/2023,355.12,True,MEL,LIN
KL4735,7/8/2023,7/8/2023,538.66,True,BCN,TXL
AF3211,8/3/2023,8/3/2023,822.71,True,VLC,STN
LH925,3/4/2023,3/4/2023,323.76,True,HKG,NCE
VY5714,28/07/2023,28/07/2023,212.01,False,EZE,SYD
IB8050,15/10/2023,15/10/2023,1148.92,False,MUC,ICN
FR524,27/08/2024,27/08/2024,659.78,False,ATH,SAW
IB4748,20/07/2023,20/07/2023,1226.71,False,ZRH,GRU
KL3946,21/01/2025,21/01/2025,375.77,False,SOF,DUS
KL9992,30/04/2023,30/04/2023,720.87,True,BOG,IST
TK6315,13/01/2023,13/01/2023,92.18,True,BOG,CDG
BA5592,12/2/2023,12/2/2023,1241.96,True,FCO,FRA
OS568,8/3/2023,8/3/2023,334.18,True,AGP,AMS
SN9149,25/08/2023,25/08/2023,965.26,False,FRA,STN
EW6221,2/10/2023,2/10/2023,458.87,True,NAP,DXB
BA8748,31/12/2024,31/12/2024,637.91,True,DUS,ORD
AF4579,9/4/2023,9/4/2023,1251.71,True,VCE,BOS
VY6386,21/12/2024,21/12/2024,916.44,True,MIA,SAW
EW2856,18/10/2024,18/10/2024,159.03,False,YVR,IST
SN6502,3/3/2023,3/3/2023,332.72,False,SVO,EDI
QR2437,12/6/2023,12/6/2023,45.28,True,SVO,ORD
AF6244,2/8/2024,2/8/2024,1223.24,True,ORD,NCE
AY1726,10/3/2025,10/3/2025,1246.14,False,ICN,PRG
LH1019,3/9/2023,3/9/2023,1154.43,True,JFK,AMS
OS4413,14/06/2023,14/06/2023,685.71,False,DUB,BUD
VY4211,23/01/2024,23/01/2024,306.84,False,GRU,YVR
U24962,9/3/2023,9/3/2023,204.17,False,BLQ,ORD
BA8888,15/09/2024,15/09/2024,404.58,False,YYZ,MAD
AF2188,1/8/2023,1/8/2023,856.08,False,PEK,NAP
OS7084,11/10/2023,11/10/2023,745.55,True,VCE,FCO
PC9960,22/07/2024,22/07/2024,795.32,True,IST,VCE
EW7047,5/11/2023,5/11/2023,634.86,False,SAW,ICN
KL5240,24/09/2023,24/09/2023,1051.51,True,MRS,ORD
QR9268,8/1/2023,8/1/2023,391.29,True,SIN,SYD
QR8183,1/8/2023,1/8/2023,866.25,False,IAH,VIE
KL7912,1/9/2023,1/9/2023,367.51,False,LIS,VIE
U26672,31/12/2024,31/12/2024,982.38,True,PEK,SAW
AZ7375,19/05/2024,19/05/2024,159.94,False,JFK,ICN
EW829,26/06/2024,26/06/2024,366.56,False,BUD,LHR
AY1839,12/5/2023,12/5/2023,691.03,True,HAM,AGP
SK9933,9/1/2024,9/1/2024,935.27,True,DUS,PMO
QR2840,16/08/2024,16/08/2024,1140.33,True,AMS,BCN
U2937,13/03/2024,13/03/2024,1169.37,False,FCO,PMO
PC2039,26/02/2024,26/02/2024,639.7,True,DFW,ICN
LH4963,20/01/2023,20/01/2023,735.27,True,EDI,BHX
QR438,7/3/2023,7/3/2023,1140.97,True,DUB,ZRH
AY6163,16/12/2023,16/12/2023,216.12,False,FCO,SEA
LO2020,12/6/2023,12/6/2023,1057.96,True,BHX,SIN
EW1030,15/01/2025,15/01/2025,187.73,False,LIN,LHR
PC5514,16/07/2024,16/07/2024,810.41,False,VCE,IST
SN4926,21/03/2024,21/03/2024,790.89,True,OPO,SCL
IB2677,28/10/2023,28/10/2023,41.44,False,VIE,ATH
EK1897,1/1/2024,1/1/2024,590.05,True,LIN,MUC
AZ7203,11/7/2024,11/7/2024,891.22,False,STN,EDI
EW5838,19/10/2023,19/10/2023,652.72,False,HAM,LIM
AY4246,19/09/2023,19/09/2023,33.41,True,VLC,HEL
LH3145,16/06/2023,16/06/2023,851.63,False,SEA,WAW
KL1010,8/4/2024,8/4/2024,279.04,False,DOH,NAP
OS1628,14/02/2025,14/02/2025,937.67,False,DXB,SIN
BA6512,12/4/2023,12/4/2023,511.56,True,EDI,YVR
KL6681,26/08/2023,26/08/2023,1120.57,True,FRA,SCL
EK6880,29/05/2023,29/05/2023,204.84,False,VIE,STN
FR3666,18/10/2023,18/10/2023,697.47,False,BLQ,IAH
FR1254,2/9/2024,2/9/2024,1032.95,False,MIA,PRG
BA2075,27/02/2024,27/02/2024,955.58,False,LIN,LGW
LH4359,16/09/2023,16/09/2023,661.41,False,CTA,TXL
OS9320,25/03/2023,25/03/2023,851.37,True,MIA,EDI
SN7093,4/9/2023,4/9/2023,350.34,True,PMO,VCE
KL2170,29/10/2023,29/10/2023,232.74,False,LIS,PEK
SN9745,29/05/2023,29/05/2023,1187.89,False,AMD,DUB
QR3414,31/05/2024,31/05/2024,237.99,True,NCE,SAW
SN9456,24/03/2025,24/03/2025,624.25,True,JFK,LIN
U28873,28/03/2023,28/03/2023,1216.53,False,ORD,MEL
W61712,18/01/2023,18/01/2023,1030.94,True,JFK,GVA
W62943,1/3/2025,1/3/2025,1249.36,True,IAH,CPH
EW859,18/01/2025,18/01/2025,305.75,False,GVA,TXL
EW7773,9/10/2023,9/10/2023,852.82,True,SYD,SOF
SN4254,19/03/2023,19/03/2023,1132.89,True,TXL,BLQ
U29065,18/06/2024,18/06/2024,400.9,True,ORY,ATH
EW810,9/1/2023,9/1/2023,871.7,False,MXP,STN
U27443,13/01/2023,13/01/2023,109.28,True,EDI,ARN
TK5426,21/03/2024,21/03/2024,341.12,True,MXP,SCL
KL9350,29/12/2024,29/12/2024,344.24,True,CTA,AUH
LO9559,21/07/2023,21/07/2023,850.66,True,SYD,SEA
U26095,28/04/2024,28/04/2024,973.33,True,EZE,SCL
KL3562,25/10/2023,25/10/2023,894.06,True,ORY,MAD
TK9073,18/09/2023,18/09/2023,664.21,False,NRT,BRU
PC7268,2/8/2023,2/8/2023,1184.74,False,ATH,MUC
LH5253,2/10/2023,2/10/2023,1034.85,False,IST,EZE
PC5582,27/04/2023,27/04/2023,331.15,False,MUC,ARN
SN4468,24/01/2025,24/01/2025,1125.22,False,BLQ,GVA
KL5007,23/01/2025,23/01/2025,433.19,True,ATH,MEL
LH3970,14/04/2023,14/04/2023,1185.45,False,FRA,BLQ
IB6663,7/4/2023,7/4/2023,143.16,False,FCO,NCE
EW891,30/01/2023,30/01/2023,301.15,False,ESB,MEL
U28574,5/10/2023,5/10/2023,213.92,False,PEK,TXL
OS1252,17/01/2024,17/01/2024,1048.66,False,ARN,ATH
AF378,18/05/2023,18/05/2023,1029.29,False,ESB,HEL
QR1379,23/11/2024,23/11/2024,1160.64,True,HKG,GRU
SN7469,24/01/2023,24/01/2023,963.94,True,VCE,FCO
LH8677,4/7/2024,4/7/2024,1297.4,True,MXP,HEL
VY8360,28/09/2023,28/09/2023,169.8,True,FCO,LED
TK1688,22/05/2023,22/05/2023,483.35,False,VLC,SCL
VY7229,28/09/2023,28/09/2023,581.4,True,YYZ,FRA
U2323,21/01/2025,21/01/2025,52.31,False,PRG,GRU
AZ5117,19/03/2024,19/03/2024,1250.55,False,SCL,PSA
OS9828,1/10/2024,1/10/2024,111.2,True,BUD,PMO
OS5706,15/04/2024,15/04/2024,800.5,False,EZE,LHR
VY9500,5/1/2024,5/1/2024,573.58,False,FCO,AMS
OS9310,17/08/2024,17/08/2024,1238.08,False,SVO,SCL
QR5335,19/10/2024,19/10/2024,1211.07,True,DUS,FCO
VY5217,10/11/2023,10/11/2023,383.34,False,DXB,DFW
SK6627,31/07/2023,31/07/2023,991.36,False,FRA,CPH
BA9510,17/03/2024,17/03/2024,834.75,False,NCE,PEK
OS9675,27/02/2024,27/02/2024,866.82,False,BCN,CTA
OS5976,31/08/2024,31/08/2024,1009.4,True,WAW,ATH
KL6020,4/3/2023,4/3/2023,703.62,False,BRU,HEL
AZ7582,8/7/2023,8/7/2023,992.72,False,ESB,BGY
SK8100,10/10/2023,10/10/2023,262.12,True,HEL,DXB
TK1076,14/10/2024,14/10/2024,512.86,False,SAW,SVO
W62240,1/1/2023,1/1/2023,803.13,True,DUB,LGW
QR6760,8/1/2024,8/1/2024,513.28,True,LIN,DFW
AF4049,4/10/2023,4/10/2023,1198.63,True,HAM,JFK
AY7006,16/02/2024,16/02/2024,356.26,True,EZE,DFW
VY6278,30/11/2024,30/11/2024,1076.08,False,OPO,SCL
TK9625,26/04/2023,26/04/2023,1035.15,False,SCL,GRU
VY6717,23/10/2023,23/10/2023,44.26,False,MXP,CPH
PC1696,23/07/2023,23/07/2023,920.32,False,MEL,LHR
W67155,13/03/2025,13/03/2025,657.71,False,FCO,AGP
KL5542,24/03/2023,24/03/2023,862.32,False,AMD,BOG
AY9136,2/1/2024,2/1/2024,225.12,False,MIA,FCO
AY724,25/03/2025,25/03/2025,123.92,True,MAN,STN
IB203,20/03/2025,20/03/2025,836.25,True,BOG,DFW
SK5357,28/05/2024,28/05/2024,492.22,False,AMS,CTA
W62151,10/1/2024,10/1/2024,105,True,JFK,LAX
IB7804,23/06/2023,23/06/2023,899.43,True,VLC,CMB
SN1667,30/03/2025,30/03/2025,1239.75,False,ZRH,PMO
U29377,16/04/2023,16/04/2023,553.21,False,MRS,LIN
U24240,26/12/2024,26/12/2024,233.43,False,LIS,AMS
QR5488,5/3/2023,5/3/2023,147.14,True,ORD,BHX
QR9381,26/08/2023,26/08/2023,186.7,False,BOG,JFK
IB8584,4/4/2024,4/4/2024,1251.72,False,CDG,LIN
PC6577,29/12/2024,29/12/2024,323.84,True,SAW,BHX
EK101,15/01/2024,15/01/2024,882.31,True,NAP,LAX
SK4047,1/8/2024,1/8/2024,820.38,True,SIN,ESB
EW9767,22/07/2023,22/07/2023,760.42,False,SVO,OPO
U23229,9/7/2023,9/7/2023,1054.24,False,BOG,YYZ
U26118,3/4/2023,3/4/2023,1044.89,True,ICN,EDI
TK9719,18/04/2024,18/04/2024,419.94,False,PSA,GVA
SK8157,6/6/2023,6/6/2023,509.6,True,FRA,LIM
AY9108,8/12/2023,8/12/2023,1146.47,False,SIN,NAP
IB6927,30/09/2023,30/09/2023,959.11,False,STN,LIS
LO3645,24/03/2025,24/03/2025,1202.53,False,WAW,YYZ
SN5267,11/8/2024,11/8/2024,313.37,True,FCO,BUD
AZ4752,12/3/2024,12/3/2024,368.04,True,ICN,ATH
U25798,22/08/2023,22/08/2023,1116.64,True,MXP,SVO
SN8028,22/10/2024,22/10/2024,391.19,False,EZE,WAW
QR5652,29/05/2024,29/05/2024,1135.98,False,VCE,HAM
TK4802,22/09/2023,22/09/2023,659.78,True,HKG,PEK
OS1410,8/3/2025,8/3/2025,490.16,False,CTA,MAN
SK1330,2/12/2023,2/12/2023,552.05,False,MUC,FCO
IB6207,2/10/2023,2/10/2023,691.95,True,DFW,SAW
SK8431,2/1/2023,2/1/2023,775.22,False,YYZ,PEK
PC7176,3/5/2023,3/5/2023,1180.33,False,SOF,AUH
AZ3484,15/09/2023,15/09/2023,733.63,True,PRG,CMB
AF4728,7/7/2023,7/7/2023,338.48,False,BGY,LIN
OS4454,5/10/2023,5/10/2023,834.3,False,PSA,CTA
LO582,25/10/2023,25/10/2023,215.56,True,IAH,MAD
IB9156,13/10/2023,13/10/2023,111.9,False,NRT,AMD
AF5649,21/01/2024,21/01/2024,223.17,False,VCE,SEA
PC4334,18/06/2023,18/06/2023,672.27,True,CTA,ARN
FR7798,11/5/2023,11/5/2023,829.68,True,IST,ORD
QR7705,24/02/2023,24/02/2023,239.56,False,BRU,MUC
AF9949,10/2/2023,10/2/2023,738.28,False,BUD,BOG
VY1074,1/2/2024,1/2/2024,706.74,False,FRA,ESB
U29563,11/2/2025,11/2/2025,785.54,True,VCE,NCE
W67956,18/01/2023,18/01/2023,75.16,False,NAP,ICN
EW6510,19/11/2024,19/11/2024,663.5,True,MAN,WAW
LH1337,4/2/2023,4/2/2023,775.37,True,PEK,VCE
LO6986,28/06/2024,28/06/2024,1138.7,False,DXB,LAX
IB4030,2/2/2025,2/2/2025,856.79,True,MXP,FCO
EW4642,28/09/2023,28/09/2023,286.81,True,MEL,DOH
AF9108,27/03/2023,27/03/2023,223.42,False,SYD,BGY
KL6454,16/04/2024,16/04/2024,632.26,True,CPH,LIM
W67520,10/9/2024,10/9/2024,708.82,False,BCN,LAX
SK7076,20/01/2024,20/01/2024,212.98,True,DUS,FRA
AZ2252,6/7/2024,6/7/2024,861.52,True,MUC,AMD
QR7149,13/01/2025,13/01/2025,446.03,True,SIN,GRU
SK8807,11/6/2024,11/6/2024,709.81,False,LHR,PSA
LO7758,20/08/2024,20/08/2024,960.9,True,CMB,DXB
EK3549,3/2/2024,3/2/2024,781.11,True,CDG,PMO
FR4012,5/10/2023,5/10/2023,690.08,False,PMO,TXL
QR6735,19/04/2024,19/04/2024,903.91,True,EDI,MIA
KL9667,14/01/2023,14/01/2023,131.11,False,CMB,GRU
KL7536,2/10/2023,2/10/2023,921.72,True,TXL,LED
QR3751,22/02/2024,22/02/2024,844.89,False,BRU,MIA
LH5514,7/2/2024,7/2/2024,1144.36,True,MUC,BLQ
TK1545,24/01/2024,24/01/2024,249.26,True,ORY,CMB
FR5318,8/2/2023,8/2/2023,550.8,True,HAM,PMO
AZ9721,7/3/2024,7/3/2024,503.09,False,PMO,VCE
AY1221,23/08/2024,23/08/2024,862.69,False,LIS,DOH
IB4051,2/12/2024,2/12/2024,894.47,False,LIS,AGP
SK7247,17/10/2024,17/10/2024,1075.68,True,PRG,LIM
FR4421,30/01/2024,30/01/2024,1126.99,True,MUC,SYD
EW154,22/04/2024,22/04/2024,1171.06,False,VCE,AGP
SN5355,15/02/2024,15/02/2024,33.77,True,BRU,DXB
W6687,7/4/2024,7/4/2024,1024.42,False,AMS,LAX
IB4498,24/08/2023,24/08/2023,382.13,False,ATH,SCL
SK5282,2/2/2023,2/2/2023,92.98,True,CMB,FCO
AY8124,7/11/2023,7/11/2023,48.61,False,BLQ,MIA
EW691,12/12/2024,12/12/2024,305.34,False,FCO,ZRH
IB1368,17/01/2025,17/01/2025,351.1,False,LGW,IST
FR4697,18/04/2024,18/04/2024,1145.76,False,LGW,PEK
EW4392,4/4/2024,4/4/2024,609.87,True,VIE,IST
AF695,1/5/2024,1/5/2024,1276.35,False,VIE,LIS
EK9616,26/09/2023,26/09/2023,1288.14,True,DOH,AMS
IB8828,20/11/2023,20/11/2023,1016.47,False,ZRH,EDI
AZ3194,15/12/2024,15/12/2024,1106.28,True,DUB,BLQ
BA4604,12/11/2023,12/11/2023,92.23,True,STN,JFK
FR2496,17/04/2023,17/04/2023,660.95,True,NAP,DUS
KL3287,27/12/2024,27/12/2024,1280.85,False,HAM,MRS
W69365,25/01/2024,25/01/2024,189.9,False,AMS,ICN
VY8465,24/03/2024,24/03/2024,574.2,True,AGP,PEK
OS580,19/05/2024,19/05/2024,988.99,False,ORY,TXL
IB7890,23/03/2025,23/03/2025,1009.99,True,MRS,YYZ
SK238,16/11/2023,16/11/2023,477.64,False,ICN,GRU
FR4672,14/03/2024,14/03/2024,388.66,False,MIA,SOF
VY2971,27/01/2023,27/01/2023,954.3,False,TXL,ATH
LH676,3/11/2024,3/11/2024,415.67,False,LAX,PSA
QR8589,4/3/2024,4/3/2024,101.91,True,TXL,GVA
QR1624,29/08/2024,29/08/2024,1283.68,True,AUH,CMB
IB1270,24/05/2023,24/05/2023,53.13,True,GVA,ICN
AY2163,21/12/2024,21/12/2024,798.55,False,PMO,YVR
QR3081,22/12/2024,22/12/2024,166.95,False,ARN,PMO
TK6154,25/01/2024,25/01/2024,327.42,True,FRA,PMO
EW8094,13/03/2024,13/03/2024,389.14,True,ARN,HAM
LO3709,26/07/2024,26/07/2024,533.68,True,LHR,BCN
VY9163,18/12/2023,18/12/2023,1196.09,False,BOG,VLC
AY7032,13/06/2024,13/06/2024,733,True,LIS,AMS
AY8839,5/9/2023,5/9/2023,58.82,True,WAW,NRT
W62389,7/7/2023,7/7/2023,134.47,True,PRG,SAW
FR6436,14/01/2024,14/01/2024,138.92,True,EZE,OPO
U26061,15/07/2024,15/07/2024,1069.69,True,PRG,NCE
AF1221,15/03/2023,15/03/2023,420.28,True,SEA,HAM
AZ5760,17/07/2024,17/07/2024,811.6,False,AUH,SYD
OS1731,8/4/2023,8/4/2023,965.18,True,ARN,MRS
W68665,10/12/2024,10/12/2024,253.26,True,BHX,ZRH
PC1647,1/2/2025,1/2/2025,112.41,True,ZRH,GRU
AY2186,2/5/2024,2/5/2024,43.46,False,JFK,PRG
SK5152,21/09/2023,21/09/2023,509.44,True,SYD,WAW
IB5840,26/09/2024,26/09/2024,1161.22,False,MXP,SIN
SK3743,10/10/2024,10/10/2024,419.33,True,LED,SYD
PC8234,24/02/2024,24/02/2024,324.43,False,HEL,MUC
PC6219,14/01/2023,14/01/2023,210.03,False,HEL,AMD
OS2734,20/11/2023,20/11/2023,890.52,False,AMD,NRT
SN8293,30/12/2023,30/12/2023,225.03,False,NCE,CDG
U23868,18/02/2025,18/02/2025,598.67,True,SYD,ICN
TK1321,18/02/2025,18/02/2025,824.87,False,LGW,MAN
EK2759,15/11/2024,15/11/2024,646.04,True,BRU,MUC
EW3075,26/12/2024,26/12/2024,1022.44,False,CDG,OPO
AF2297,22/06/2023,22/06/2023,832.71,False,MEL,MUC
QR3370,1/12/2023,1/12/2023,746.63,False,VCE,LHR
LH818,17/11/2024,17/11/2024,317.39,True,HAM,NCE
SK9895,4/3/2023,4/3/2023,224.27,False,VCE,CPH
BA9435,28/11/2024,28/11/2024,1119.2,False,CTA,PEK
SN2064,1/12/2024,1/12/2024,621.11,False,BCN,FCO
FR7782,6/1/2024,6/1/2024,996.57,True,GVA,DFW
LH8436,7/9/2024,7/9/2024,1043.58,False,HEL,YVR
AY8481,31/08/2023,31/08/2023,315.65,False,ICN,MEL
AF7484,20/08/2023,20/08/2023,817.56,True,LGW,ORD
W63105,5/7/2024,5/7/2024,521,False,AMD,SVO
LH6243,7/10/2023,7/10/2023,209.34,True,MAD,OPO
AF5096,1/2/2025,1/2/2025,1098.1,True,PEK,BHX
TK6354,27/03/2025,27/03/2025,333.28,False,LGW,SAW
TK7306,7/1/2023,7/1/2023,426.85,False,ATH,BHX
W69453,7/1/2023,7/1/2023,840.61,False,LAX,AMD
OS6025,25/05/2023,25/05/2023,169.47,True,DUS,AGP
U26290,3/5/2023,3/5/2023,717.53,False,AGP,OPO
PC7835,17/11/2023,17/11/2023,1121.4,True,SYD,FRA
SK3655,22/10/2024,22/10/2024,157.12,False,NCE,MAD
AF1835,29/05/2024,29/05/2024,772.78,True,BHX,MAD
SN9648,29/04/2024,29/04/2024,259.83,False,BOS,IAH
W64364,12/3/2025,12/3/2025,496.97,False,AMD,ICN
LH8586,1/6/2023,1/6/2023,676.91,True,VIE,DFW
EK4448,10/10/2024,10/10/2024,776.66,False,VCE,ICN
W61158,23/01/2025,23/01/2025,601.77,False,VCE,PSA
PC9464,7/7/2023,7/7/2023,984.75,True,HEL,GVA
QR341,7/7/2023,7/7/2023,112.85,True,LHR,PMO
FR4371,11/3/2025,11/3/2025,174.39,True,NAP,MAN
KL3817,3/5/2024,3/5/2024,196.43,True,SCL,BOG
LH9837,28/05/2024,28/05/2024,319.5,False,EDI,MAD
BA975,22/12/2024,22/12/2024,763.84,False,BUD,STN
OS4930,18/03/2023,18/03/2023,979.14,False,LIS,MXP
IB8925,22/03/2025,22/03/2025,1098.28,True,HAM,NCE
U21222,13/04/2024,13/04/2024,275.5,True,MAD,SVO
OS9530,28/01/2023,28/01/2023,1252.31,False,FRA,MAN
EK1317,30/09/2024,30/09/2024,568.73,True,MXP,FRA
EW6495,23/11/2023,23/11/2023,400.97,False,MIA,DUB
SN7395,14/11/2023,14/11/2023,169.64,True,ESB,FRA
LH145,17/10/2023,17/10/2023,1110.68,True,EDI,VCE
IB3522,18/12/2023,18/12/2023,85.63,False,CDG,BGY
TK2248,26/03/2024,26/03/2024,1139.32,True,MAN,LIN
PC8236,6/6/2024,6/6/2024,1174.51,False,ICN,IAH
EW4047,13/10/2024,13/10/2024,870.37,False,LIN,BOG
EK618,3/12/2024,3/12/2024,622.67,False,LED,FRA
EK4789,20/01/2023,20/01/2023,179.78,False,SCL,BOG
OS1496,24/05/2024,24/05/2024,992.86,False,STN,ESB
AF6398,28/02/2023,28/02/2023,482.89,False,HAM,GRU
SN583,2/1/2023,2/1/2023,302.38,False,OSL,PSA
U25302,23/10/2024,23/10/2024,1049.02,True,LHR,IST
FR5245,11/12/2024,11/12/2024,414.17,False,FCO,ARN
AY1526,11/2/2025,11/2/2025,1207.07,True,MXP,DOH
AF1664,9/8/2024,9/8/2024,1290.73,False,MIA,SCL
TK5990,3/1/2025,3/1/2025,242.64,False,CDG,MEL
U28704,24/01/2025,24/01/2025,1236.5,False,NAP,IAH
U24804,21/01/2025,21/01/2025,1231.6,True,DUS,SVO
KL1472,22/01/2025,22/01/2025,899.64,False,ATH,PRG
W67560,30/10/2023,30/10/2023,786.1,True,FCO,ORD
QR8812,10/7/2024,10/7/2024,771.72,True,LAX,BHX
AZ3224,16/11/2023,16/11/2023,566.91,False,PSA,YYZ
OS3361,25/12/2024,25/12/2024,831.61,False,BGY,WAW
SN1208,6/9/2023,6/9/2023,1281.74,True,VCE,BUD
EK4708,8/10/2024,8/10/2024,741.14,False,LIM,BOG
OS7543,12/6/2023,12/6/2023,416.24,True,MAN,SOF
QR4953,19/07/2024,19/07/2024,1239.49,False,AGP,LED
OS6715,13/09/2023,13/09/2023,1239.72,True,VCE,LAX
EW809,20/11/2023,20/11/2023,240.66,False,BOS,AMD
SK6763,21/01/2024,21/01/2024,851.57,True,LIS,MXP
AY2980,8/9/2024,8/9/2024,1087.13,True,LIS,DUB
PC3224,23/09/2023,23/09/2023,1085.43,False,HEL,MUC
LO4462,2/3/2023,2/3/2023,624.91,False,BLQ,SOF
W63980,1/4/2023,1/4/2023,169.08,True,DUB,BCN
LO9158,5/2/2025,5/2/2025,1141.56,True,CTA,MIA
KL7618,23/09/2024,23/09/2024,995.65,True,CMB,SAW
EW8028,23/01/2023,23/01/2023,625.6,False,MIA,CTA
EW6471,26/01/2023,26/01/2023,206.62,False,VCE,VLC
W62751,10/11/2024,10/11/2024,838.23,True,SVO,BOG
EK3624,6/10/2024,6/10/2024,266.88,False,LED,BOS
EW8747,14/08/2023,14/08/2023,258.04,True,BCN,MAD
VY5378,27/05/2024,27/05/2024,1240.25,False,IST,EZE
TK8258,12/11/2024,12/11/2024,628.79,False,SIN,IAH
AF3152,1/5/2024,1/5/2024,400.94,False,MXP,CPH
LO4825,8/4/2024,8/4/2024,974,True,NAP,GRU
BA5594,9/2/2024,9/2/2024,571.98,False,BOG,DFW
OS491,9/2/2023,9/2/2023,970.54,False,BUD,MEL
IB8073,10/10/2023,10/10/2023,1074.7,False,AGP,SEA
KL9005,29/01/2024,29/01/2024,350.8,True,MRS,LED
LH2300,30/06/2023,30/06/2023,783.78,True,MAN,LGW
IB7635,10/6/2024,10/6/2024,599,True,WAW,OPO
BA292,8/7/2023,8/7/2023,817.95,True,YYZ,OPO
U2942,13/03/2023,13/03/2023,137.29,True,FRA,LED
BA2879,16/03/2023,16/03/2023,562.96,True,MAD,LAX
U24786,4/8/2024,4/8/2024,359.35,False,JFK,EDI
OS6371,20/12/2024,20/12/2024,150.22,False,NCE,GRU
EW3109,17/06/2024,17/06/2024,39.85,True,LIM,PEK
OS1049,22/07/2024,22/07/2024,733.08,False,LGW,HAM
KL7273,28/02/2023,28/02/2023,791.1,False,YYZ,MAD
AY6827,8/5/2023,8/5/2023,856.71,False,PSA,BOS
KL5257,23/06/2023,23/06/2023,733.09,False,LGW,MAD
LO5587,7/8/2024,7/8/2024,979.53,True,YYZ,FRA
KL5920,23/02/2023,23/02/2023,543.72,True,LGW,AGP
SK2742,8/4/2024,8/4/2024,923.68,False,ESB,VLC
SN3285,21/05/2024,21/05/2024,410.16,True,DUB,FCO
SN1925,7/6/2024,7/6/2024,320.07,True,OSL,ESB
SK5278,12/10/2023,12/10/2023,434.16,True,STN,ORD
W67795,10/10/2024,10/10/2024,535.07,True,FCO,LIS
AF9723,7/10/2023,7/10/2023,573.78,False,SEA,FCO
PC8501,9/7/2023,9/7/2023,165.51,True,AGP,ORD
AY309,26/04/2024,26/04/2024,432.9,True,CPH,LIM
W61670,5/3/2025,5/3/2025,103.31,True,DUB,MAN
EK1952,22/06/2024,22/06/2024,46.68,True,LAX,ORY
EW8642,25/10/2023,25/10/2023,515.45,True,DFW,ATH
EK2301,13/06/2023,13/06/2023,1050.77,True,CPH,MAD
AZ6207,5/3/2024,5/3/2024,1152.93,True,DXB,BGY
TK3911,27/08/2023,27/08/2023,683.55,True,BCN,VLC
LO4795,31/10/2024,31/10/2024,453.38,False,CMB,BGY
PC5542,25/10/2023,25/10/2023,823.52,True,OSL,BHX
FR762,29/08/2023,29/08/2023,94.8,False,NRT,DOH
OS886,23/05/2024,23/05/2024,1039.09,False,SIN,BOG
EW9866,31/03/2023,31/03/2023,324.27,False,STN,SCL
LO3298,10/11/2023,10/11/2023,1142.5,True,LED,LGW
OS6892,21/02/2024,21/02/2024,368.58,False,MXP,PEK
EK5295,18/01/2023,18/01/2023,310.81,False,DFW,AGP
AZ870,25/08/2023,25/08/2023,344.17,True,GVA,ZRH
FR1501,14/11/2024,14/11/2024,1234.94,False,PEK,NAP
LO4045,5/8/2024,5/8/2024,491.11,False,SIN,IST
BA1688,11/3/2023,11/3/2023,371.25,False,BRU,LIM
SK265,19/10/2023,19/10/2023,631.18,True,AGP,LHR
FR7353,2/9/2023,2/9/2023,842.1,True,AUH,IST
W64870,1/6/2023,1/6/2023,371.27,True,YVR,MXP
AY5601,6/10/2024,6/10/2024,1288.05,False,AMD,LGW
U24823,15/03/2023,15/03/2023,245.76,False,EZE,PEK
PC4170,23/08/2023,23/08/2023,743.32,False,FCO,AMD
SK1150,15/01/2023,15/01/2023,100.97,False,AMD,ORD
AZ9221,8/2/2025,8/2/2025,1176.3,True,SEA,CDG
EK2488,15/12/2024,15/12/2024,287.56,True,SAW,MAN
KL5657,25/02/2024,25/02/2024,1219.35,False,BOS,JFK
LO2251,10/5/2024,10/5/2024,1083.8,True,YYZ,TXL
LH3384,28/08/2024,28/08/2024,1034.05,False,ESB,YYZ
SK882,16/06/2023,16/06/2023,59.37,True,SAW,BOG
VY2386,6/3/2023,6/3/2023,672.56,False,YYZ,CMB
QR8060,10/2/2024,10/2/2024,1182,True,BCN,JFK
EK4049,5/2/2023,5/2/2023,380.95,True,BHX,BOS
SN8557,2/8/2023,2/8/2023,1034.9,False,LIM,VLC
QR7792,16/07/2023,16/07/2023,820.07,False,MXP,BOS
AF6387,27/04/2023,27/04/2023,1269.86,True,SEA,DUS
AF3574,11/8/2024,11/8/2024,46.89,True,BGY,VLC
PC3215,7/8/2023,7/8/2023,1221.67,False,VCE,ARN
OS5986,3/9/2024,3/9/2024,587.21,True,PMO,DOH
VY6315,2/8/2023,2/8/2023,219.47,False,YYZ,MIA
W66910,9/7/2024,9/7/2024,697.77,False,AUH,LED
AY7921,4/4/2024,4/4/2024,1139.45,False,BHX,LHR
SN8629,8/3/2023,8/3/2023,634.77,True,BHX,CDG
BA7643,22/03/2023,22/03/2023,511.44,True,VCE,PMO
FR2793,22/07/2024,22/07/2024,716.52,False,BUD,SOF
BA5281,8/2/2025,8/2/2025,775.22,False,BOG,SOF
LO3233,17/11/2024,17/11/2024,1200.13,True,AMD,BGY
VY5420,9/7/2024,9/7/2024,537.02,False,ZRH,DFW
LH8735,22/09/2024,22/09/2024,389.79,False,FRA,GRU
AZ2111,1/7/2024,1/7/2024,792.57,True,LHR,WAW
TK2760,17/02/2025,17/02/2025,1137.63,False,MXP,MEL
TK6166,8/2/2023,8/2/2023,86.35,True,CTA,BOG
IB6914,31/03/2023,31/03/2023,1083.28,False,MIA,LGW
TK1258,25/02/2025,25/02/2025,1278.28,True,SIN,SOF
EK5066,28/05/2023,28/05/2023,1241,True,LHR,PMO
FR8570,1/3/2025,1/3/2025,293.57,True,PSA,YVR
SK6459,19/04/2023,19/04/2023,793,False,NRT,SAW
SN4034,21/11/2024,21/11/2024,555.98,True,MAD,VCE
TK5084,29/11/2023,29/11/2023,1214.22,False,SYD,ORY
KL497,20/12/2023,20/12/2023,37.57,True,FRA,BLQ
TK245,8/5/2024,8/5/2024,1009.79,True,CPH,YVR
TK8111,21/03/2024,21/03/2024,304.75,False,AGP,FCO
BA1873,6/5/2024,6/5/2024,287.09,True,LIN,GVA
LO8429,29/11/2024,29/11/2024,1116.08,False,LGW,LAX
SN9038,4/8/2024,4/8/2024,982.11,False,PSA,EZE
TK8856,14/10/2023,14/10/2023,1154,True,MXP,FCO
SN1338,16/01/2023,16/01/2023,864.5,False,DUS,LIN
LO2039,18/06/2024,18/06/2024,663.32,False,AGP,DUS
OS2492,19/06/2024,19/06/2024,104.77,True,AGP,SOF
AF9700,26/04/2023,26/04/2023,865.61,False,AMS,FCO
PC5672,1/2/2025,1/2/2025,425.78,True,SYD,DUB
EW3182,6/6/2024,6/6/2024,495.33,False,CPH,VLC
KL4122,1/1/2024,1/1/2024,1223.29,False,BRU,HEL
AZ7500,28/09/2023,28/09/2023,306.1,True,NCE,DOH
VY3143,20/03/2025,20/03/2025,736.55,True,LED,HKG
TK5792,20/08/2024,20/08/2024,514.63,False,DUB,TXL
EK9499,5/8/2023,5/8/2023,688.31,True,FRA,BCN
LH3590,3/4/2023,3/4/2023,48.92,False,AMD,ATH
SK960,31/12/2023,31/12/2023,527.37,False,MEL,NCE
QR2897,22/11/2023,22/11/2023,278.06,True,TXL,ATH
OS9972,16/01/2025,16/01/2025,1280.4,False,VCE,GVA
VY8898,25/09/2023,25/09/2023,158.31,True,DOH,STN
AY924,12/1/2025,12/1/2025,103.86,False,LIM,DFW
EW2501,30/09/2023,30/09/2023,1249.43,False,DFW,PMO
BA5934,7/1/2025,7/1/2025,415.88,True,VIE,YVR
PC9816,13/12/2024,13/12/2024,1242.32,False,GVA,YVR
KL9628,21/03/2023,21/03/2023,602.36,True,VLC,ORD
IB2494,26/04/2024,26/04/2024,460.34,False,MEL,LIM
LH1195,29/05/2024,29/05/2024,927.87,True,VCE,CPH
LO995,13/04/2023,13/04/2023,543.03,True,AMS,DFW
EW5204,26/07/2024,26/07/2024,1190.11,False,WAW,LIN
EK1553,22/10/2023,22/10/2023,180.62,True,MAN,GVA
QR9561,17/09/2024,17/09/2024,876.75,False,MEL,FCO
VY6764,10/1/2025,10/1/2025,742,True,MAD,GVA
IB7093,18/03/2025,18/03/2025,760.95,True,DXB,ESB
QR4134,10/6/2024,10/6/2024,1047.12,True,SVO,VCE
VY6745,7/6/2023,7/6/2023,441.73,True,FRA,LHR
TK2236,13/12/2024,13/12/2024,612.31,True,SAW,BLQ
PC7465,3/2/2025,3/2/2025,977.7,False,NRT,ICN
EK5327,28/05/2024,28/05/2024,818.49,False,AMS,DUS
QR4451,9/7/2023,9/7/2023,291.65,True,YVR,FCO
U28087,21/05/2024,21/05/2024,1079.43,False,VIE,IAH
FR9015,12/1/2024,12/1/2024,135.8,True,DOH,BOS
SN1521,11/2/2023,11/2/2023,977.17,True,AUH,BUD
SK9574,2/12/2024,2/12/2024,167.41,False,YVR,MXP
EW8380,27/04/2024,27/04/2024,241.93,True,BRU,HKG
QR124,15/10/2023,15/10/2023,919.93,True,HKG,LGW
TK283,4/5/2024,4/5/2024,254.15,False,SIN,TXL
LO6866,21/02/2023,21/02/2023,1147.59,False,HEL,VCE
SK205,7/10/2024,7/10/2024,376.9,False,MXP,ICN
EK9633,2/12/2024,2/12/2024,1001.15,False,LHR,AUH
AF7331,25/09/2024,25/09/2024,244.28,False,LGW,BLQ
EW6948,24/11/2023,24/11/2023,733.82,True,VCE,MIA
AZ6122,13/01/2024,13/01/2024,301.31,True,YYZ,HAM
VY2517,23/02/2025,23/02/2025,549.27,True,HEL,VLC
W68692,1/4/2024,1/4/2024,374.09,True,DFW,TXL
LO9848,15/01/2023,15/01/2023,197.24,True,TXL,BRU
OS5656,27/03/2024,27/03/2024,1271.48,True,BCN,SIN
FR7581,11/8/2023,11/8/2023,430.8,False,ESB,DUB
W68381,25/05/2024,25/05/2024,1055.95,False,SIN,YVR
BA4522,21/10/2023,21/10/2023,550.96,False,GVA,MXP
EW2061,10/4/2023,10/4/2023,165.13,True,PRG,IST
FR3448,14/03/2024,14/03/2024,869.75,True,VLC,PRG
SN5064,30/07/2023,30/07/2023,949.62,True,MIA,WAW
EW3231,24/03/2023,24/03/2023,363.81,False,MAN,JFK
PC6548,6/1/2025,6/1/2025,371.52,False,BUD,SCL
LO1070,27/10/2024,27/10/2024,849.94,False,HKG,JFK
OS5319,15/04/2023,15/04/2023,1194.88,False,LAX,FCO
AY4922,19/05/2024,19/05/2024,951.94,True,BGY,DUB
KL9776,27/02/2025,27/02/2025,500.48,True,VCE,CDG
BA8702,13/04/2024,13/04/2024,1180.09,True,TXL,MRS
W67880,28/11/2024,28/11/2024,1170.65,False,YVR,BCN
PC4311,20/06/2024,20/06/2024,1127.03,False,STN,WAW
SK8458,24/08/2024,24/08/2024,1017.72,True,AUH,EZE
QR4900,29/03/2025,29/03/2025,1104.1,False,PSA,LGW
IB9071,24/07/2023,24/07/2023,356.07,False,GRU,HAM
U27438,4/9/2024,4/9/2024,825.9,False,OSL,BHX
OS9578,6/11/2023,6/11/2023,1275.05,True,VCE,PRG
SK5422,3/3/2023,3/3/2023,1053.23,True,ARN,VIE
QR9409,6/3/2025,6/3/2025,650.79,True,BHX,FCO
U22661,22/04/2024,22/04/2024,107.21,False,LAX,SCL
AY7668,25/05/2024,25/05/2024,1082.96,True,TXL,ORY
QR2881,26/02/2023,26/02/2023,154.49,False,HAM,ZRH
IB7982,3/7/2023,3/7/2023,435.82,True,HKG,ORY
SK2805,1/4/2023,1/4/2023,474.47,False,MUC,MAN
W69234,8/10/2024,8/10/2024,893.79,True,NCE,DUB
AY8772,26/02/2025,26/02/2025,1128.82,True,LIM,GRU
KL9235,20/09/2023,20/09/2023,1171.34,False,BHX,DUS
KL1418,25/07/2023,25/07/2023,375.88,True,BOG,VLC
PC884,23/10/2024,23/10/2024,265.28,True,ARN,PSA
QR968,26/01/2024,26/01/2024,575.97,False,JFK,ATH
SN2258,9/12/2023,9/12/2023,1086.82,True,BRU,BCN
U27750,4/1/2024,4/1/2024,101.91,False,BCN,NCE
SK9513,3/12/2023,3/12/2023,233.52,True,SYD,MAD
EW775,6/6/2024,6/6/2024,530,True,AGP,SAW
IB4760,5/1/2024,5/1/2024,921.46,True,YVR,GVA
W61048,10/3/2024,10/3/2024,702.93,False,OPO,LGW
LH6804,14/02/2023,14/02/2023,313.31,False,LGW,AMD
VY6659,3/7/2023,3/7/2023,588.71,False,YVR,DOH
TK8429,13/10/2023,13/10/2023,1231.75,False,WAW,DXB
LO8476,16/01/2025,16/01/2025,579.46,False,LIN,IST
LH5242,29/04/2023,29/04/2023,72,False,DUS,JFK
IB2494,3/11/2024,3/11/2024,350.28,True,WAW,AMD
EW1730,20/04/2024,20/04/2024,1134.63,False,SIN,YYZ
IB6018,6/9/2023,6/9/2023,751.84,False,MEL,LED
QR9362,14/05/2024,14/05/2024,649.68,True,CTA,CPH
AY4087,29/03/2025,29/03/2025,396.41,False,DUB,CDG
U22617,30/04/2023,30/04/2023,559.49,True,BOG,AUH
AZ6019,20/02/2024,20/02/2024,1036.71,True,BHX,ATH
AY192,4/11/2024,4/11/2024,1162.59,False,IST,SAW
BA5915,22/08/2024,22/08/2024,1202.47,True,DXB,AMS
QR7054,19/02/2024,19/02/2024,618.82,True,ORD,NRT
OS6981,31/10/2024,31/10/2024,512.28,True,BHX,FCO
QR2728,27/02/2024,27/02/2024,758.67,True,PSA,MIA
LH3808,30/01/2023,30/01/2023,1203.23,True,BOG,JFK
VY7243,17/03/2024,17/03/2024,504.08,True,SCL,MRS
AY4996,19/08/2023,19/08/2023,450.2,False,FRA,AUH
AZ7803,17/10/2024,17/10/2024,415.65,True,DUS,IAH
W64025,27/04/2023,27/04/2023,494.27,True,BOS,MUC
AY7517,30/07/2024,30/07/2024,765.82,False,ATH,CPH
BA6031,30/04/2023,30/04/2023,988.54,False,BOS,HKG
AZ3927,29/10/2023,29/10/2023,228.7,False,SYD,HKG
AZ8846,21/02/2024,21/02/2024,694.69,False,DUB,MXP
TK4860,23/09/2024,23/09/2024,319.12,True,IAH,PSA
BA3203,3/3/2023,3/3/2023,1081.76,True,GRU,VCE
FR6751,8/1/2025,8/1/2025,351.28,False,VIE,AUH
OS1968,13/10/2023,13/10/2023,120.31,True,PMO,OPO
W65969,25/08/2024,25/08/2024,40.44,True,FRA,AGP
KL4832,21/01/2024,21/01/2024,939.76,True,SAW,LIN
LO2071,18/09/2024,18/09/2024,139.09,True,MAD,AMD
SK2128,31/10/2024,31/10/2024,428.02,False,PRG,CMB
VY9014,17/10/2024,17/10/2024,1175.16,False,AUH,IST
AZ8559,6/11/2023,6/11/2023,1167.45,True,MRS,MAD
OS4443,11/5/2024,11/5/2024,638.26,True,PSA,BOS
IB3773,17/06/2023,17/06/2023,250.91,True,DOH,PSA
PC3666,10/7/2024,10/7/2024,168.35,False,VLC,MXP
AZ7916,29/04/2023,29/04/2023,1201.54,True,ZRH,DOH
AZ3899,22/07/2024,22/07/2024,761.56,False,SAW,LIN
FR3878,9/6/2023,9/6/2023,950.38,True,LAX,ZRH
U29112,20/01/2024,20/01/2024,950.8,False,IAH,CTA
EK8988,14/10/2023,14/10/2023,672.88,False,SIN,IST
W65328,13/09/2024,13/09/2024,177.98,True,MIA,BGY
IB4964,4/2/2024,4/2/2024,481.84,False,ORD,SOF
LO797,21/04/2023,21/04/2023,1208.89,True,MAN,LIN
AY2575,27/01/2023,27/01/2023,197.52,False,OSL,YVR
SK4882,16/10/2023,16/10/2023,979.39,True,AMD,VIE
EW3174,7/1/2025,7/1/2025,1056.06,False,OSL,VLC
AZ5293,6/12/2023,6/12/2023,797.33,False,SIN,GVA
AY7011,17/09/2023,17/09/2023,1236.17,True,CMB,BHX
EK1878,12/8/2023,12/8/2023,86.78,False,BOG,VIE
FR8767,22/03/2025,22/03/2025,170.57,True,SEA,ESB
U21377,8/9/2024,8/9/2024,1150.78,False,WAW,MIA
SN8690,11/3/2024,11/3/2024,1293.86,False,ICN,PSA
BA9440,10/3/2025,10/3/2025,560.84,True,DOH,STN
SN9969,29/03/2023,29/03/2023,429.54,False,HEL,AUH
EK5533,4/11/2023,4/11/2023,30.67,True,HKG,LGW
AY640,4/2/2023,4/2/2023,504.01,True,HEL,PEK
EK9578,27/09/2023,27/09/2023,949.77,False,MAD,PRG
AF3492,24/05/2023,24/05/2023,972.34,True,BGY,VLC
VY8374,18/05/2024,18/05/2024,782.99,False,YYZ,YVR
SK5446,2/12/2023,2/12/2023,731.2,False,PSA,AUH
AZ3466,26/01/2023,26/01/2023,117.51,False,MIA,ZRH
AZ4039,21/09/2023,21/09/2023,35.19,True,MAD,NCE
LO7435,23/11/2024,23/11/2024,1216.7,True,NAP,DUB
PC594,3/2/2023,3/2/2023,492.62,True,SYD,DOH
W6817,1/9/2023,1/9/2023,982.85,False,BCN,LIN
FR8147,22/07/2023,22/07/2023,169.08,True,ARN,LIS
LH296,29/09/2023,29/09/2023,1207.7,False,SYD,LIS
LO920,9/3/2023,9/3/2023,916.75,True,JFK,AGP
AZ578,21/02/2025,21/02/2025,769.51,False,FCO,LED
EK5242,11/4/2023,11/4/2023,96.7,True,YVR,BRU
TK879,5/7/2023,5/7/2023,987.98,True,FCO,BOS
PC2271,14/08/2023,14/08/2023,1201.85,False,CDG,VIE
PC7031,5/9/2023,5/9/2023,774.69,False,LIS,AMD
IB7451,24/02/2023,24/02/2023,767.9,False,HKG,ZRH
SK7561,7/10/2024,7/10/2024,566.75,True,SOF,PMO
QR755,21/11/2023,21/11/2023,237.55,False,NRT,BLQ
EK8690,23/08/2023,23/08/2023,504.34,True,LIS,NAP
IB3070,16/12/2023,16/12/2023,535.71,False,HAM,PEK
EW638,11/6/2024,11/6/2024,1298.76,True,CTA,OPO
SN4341,5/6/2023,5/6/2023,787.87,False,PMO,WAW
SN8173,13/02/2025,13/02/2025,1170.72,True,AUH,DUS
FR1175,17/10/2024,17/10/2024,515.74,False,OPO,SEA
LH2632,17/01/2025,17/01/2025,212.7,True,BOS,VIE
W65810,23/05/2023,23/05/2023,1289.77,False,MUC,NCE
SN7278,15/08/2023,15/08/2023,862.41,True,DXB,EDI
IB1423,10/11/2023,10/11/2023,417.42,True,VCE,VLC
W61346,17/10/2023,17/10/2023,922.71,True,SEA,AMD
LH1744,12/1/2025,12/1/2025,153.02,False,LIM,ZRH
TK6251,21/02/2024,21/02/2024,939.15,False,PMO,EDI
VY932,26/01/2024,26/01/2024,398.37,False,WAW,STN
LH5071,1/3/2024,1/3/2024,264.64,True,VCE,WAW
SN4158,2/8/2024,2/8/2024,487.93,False,DFW,MXP
LO4681,23/11/2024,23/11/2024,846.87,True,NRT,OPO
AZ4403,26/07/2024,26/07/2024,364.25,True,ESB,PSA
EW5025,4/2/2024,4/2/2024,85.9,False,SCL,AGP
SN3778,3/4/2024,3/4/2024,796.31,False,HEL,CTA
FR4940,5/10/2023,5/10/2023,240.57,True,SIN,FCO
FR3542,23/02/2023,23/02/2023,1143.28,False,ORY,MUC
LO9660,5/3/2024,5/3/2024,157.85,True,PEK,YYZ
BA757,24/01/2025,24/01/2025,738.83,False,MUC,ORY
EW9872,18/06/2024,18/06/2024,1175.91,False,AGP,OSL
BA4865,1/9/2023,1/9/2023,76.18,True,ATH,MEL
EW3040,27/04/2024,27/04/2024,1016.41,True,MIA,SVO
OS9096,10/2/2023,10/2/2023,886.11,False,BHX,NCE
W66805,16/03/2023,16/03/2023,797.29,False,OPO,PSA
LH9234,15/05/2023,15/05/2023,1015.35,False,CMB,LED
VY3192,23/05/2024,23/05/2024,674.6,True,AGP,WAW
FR9812,1/9/2023,1/9/2023,1190.82,True,CPH,YYZ
TK5651,5/3/2024,5/3/2024,145.75,True,NRT,TXL
KL4847,3/6/2023,3/6/2023,267.74,True,BOG,MAD
AY2942,28/06/2024,28/06/2024,331.33,False,DUB,FRA
KL805,14/09/2023,14/09/2023,92.15,True,CDG,EZE
AY1561,29/11/2023,29/11/2023,979.73,True,HKG,FCO
SN9730,11/2/2025,11/2/2025,570.36,True,OSL,NAP
PC3640,12/12/2023,12/12/2023,648.11,False,DOH,VIE
LH6243,14/02/2023,14/02/2023,103.98,True,VCE,HEL
LH4196,18/03/2025,18/03/2025,917.65,True,AUH,MAN
EK285,12/11/2023,12/11/2023,985.08,True,DFW,BGY
SN9557,27/09/2023,27/09/2023,629.19,False,ARN,BUD
EW5766,12/12/2023,12/12/2023,390.5,True,LGW,MAD
BA4146,31/08/2024,31/08/2024,630.18,False,LIS,SAW
PC8276,20/12/2024,20/12/2024,900.87,False,NAP,LIS
AF7352,16/01/2025,16/01/2025,540.77,True,ICN,BGY
BA4749,4/9/2023,4/9/2023,1298.65,True,GVA,IST
EW5250,13/11/2023,13/11/2023,216.45,False,AMS,CDG
EW367,10/2/2024,10/2/2024,1199.89,True,MXP,DUS
SN8122,20/09/2024,20/09/2024,249.31,True,HAM,BLQ
AZ1819,4/12/2024,4/12/2024,1242.68,False,IST,NAP
AY2704,8/11/2024,8/11/2024,168.32,True,FCO,MAD
VY8351,19/01/2023,19/01/2023,925.15,False,VIE,BCN
LO3646,20/11/2023,20/11/2023,761.1,False,MUC,CMB
OS9381,30/05/2023,30/05/2023,931.22,True,VCE,SVO
SN4802,4/9/2024,4/9/2024,553.73,False,BLQ,BOG
PC6817,4/4/2023,4/4/2023,528.29,True,HAM,SVO
IB418,6/6/2024,6/6/2024,194.46,True,SEA,YVR
W66307,29/03/2025,29/03/2025,765.69,False,LED,LIM
U29489,9/9/2024,9/9/2024,973.3,True,MXP,FCO
LO6312,5/2/2023,5/2/2023,299.94,True,DFW,AGP
AY2172,25/09/2023,25/09/2023,455.17,True,WAW,SVO
QR3819,5/1/2025,5/1/2025,722.88,False,VLC,PEK
QR2510,20/01/2023,20/01/2023,435.75,True,MAN,BLQ
EW7052,14/12/2024,14/12/2024,960.44,True,DUS,SEA
W6473,24/02/2025,24/02/2025,475.27,False,LIM,BOG
QR2953,8/1/2025,8/1/2025,479.14,False,SEA,SIN
W69601,5/12/2023,5/12/2023,362.5,True,AUH,BCN
EW4150,29/10/2023,29/10/2023,955.93,True,ARN,IAH
OS1633,27/04/2023,27/04/2023,946.47,True,NRT,OSL
AY7439,4/7/2024,4/7/2024,818.41,True,FRA,VLC
VY7606,12/12/2023,12/12/2023,612.48,False,DXB,MRS
LO6034,6/6/2024,6/6/2024,653.05,True,SVO,HEL
SK6614,16/12/2024,16/12/2024,343.12,False,WAW,SIN
AF8949,28/07/2024,28/07/2024,375.96,False,BLQ,BUD
SN4726,26/04/2024,26/04/2024,52.28,False,LAX,WAW
TK6325,9/11/2024,9/11/2024,326.78,True,NCE,CTA
VY9038,27/05/2024,27/05/2024,1044.73,False,LIM,GRU
VY2111,5/1/2025,5/1/2025,1096.34,True,PEK,MEL
AY8238,17/11/2024,17/11/2024,495.97,False,DUB,PRG
TK9973,25/02/2025,25/02/2025,1111.09,False,BOG,MAN
AF3073,25/11/2024,25/11/2024,495.03,False,SYD,MRS
LO4060,26/03/2024,26/03/2024,1052.52,True,ORY,BOS
TK2420,27/09/2024,27/09/2024,55.63,False,DOH,FCO
LH8254,7/8/2023,7/8/2023,833.46,True,VLC,FRA
U26718,1/4/2023,1/4/2023,1107.56,False,BOG,LHR
VY7951,23/12/2024,23/12/2024,559.73,True,ICN,BGY
AY4251,30/04/2024,30/04/2024,438.01,True,LAX,MUC
OS4783,23/01/2023,23/01/2023,1168.11,True,LGW,VCE
OS4297,15/04/2024,15/04/2024,675.93,False,CPH,OPO
LO4995,21/07/2023,21/07/2023,1273.78,True,VLC,IST
PC4769,24/11/2023,24/11/2023,925.46,False,VIE,PMO
QR5045,29/03/2023,29/03/2023,63.43,False,CDG,DXB
OS5118,2/12/2024,2/12/2024,276.21,True,LHR,TXL
TK3684,23/08/2024,23/08/2024,550.76,False,ORY,HEL
TK1335,11/9/2023,11/9/2023,391.29,False,SEA,ICN
AZ2470,9/8/2023,9/8/2023,206.16,True,DFW,VCE
QR7204,7/10/2023,7/10/2023,157.77,False,ATH,ESB
SK2518,17/01/2023,17/01/2023,593.96,False,MXP,LED
QR9176,16/12/2024,16/12/2024,723.71,False,HAM,CMB
QR9307,25/06/2024,25/06/2024,941.08,False,MRS,MXP
VY496,26/01/2025,26/01/2025,937.61,False,BLQ,ATH
QR4326,4/5/2023,4/5/2023,754.94,False,LED,BOS
EK4216,13/08/2023,13/08/2023,533.58,True,AMD,LIM
SN3078,9/2/2023,9/2/2023,986.22,True,LIM,HAM
QR518,14/07/2023,14/07/2023,302.43,False,ZRH,FRA
TK326,24/02/2023,24/02/2023,318.41,True,MAD,ORD
KL841,2/9/2023,2/9/2023,660.16,True,MUC,ARN
LO3764,22/09/2023,22/09/2023,974.92,True,OPO,SEA
VY4211,4/2/2023,4/2/2023,691.07,False,NRT,JFK
IB1789,9/11/2023,9/11/2023,83.86,True,ZRH,BRU
LH1110,21/11/2024,21/11/2024,1000.99,True,MIA,AMD
IB3508,10/11/2023,10/11/2023,1251.26,False,ORY,BOG
SK4572,17/06/2024,17/06/2024,152.84,False,HEL,DUS
BA5699,14/11/2023,14/11/2023,662.91,False,SOF,AUH
AF6430,29/07/2024,29/07/2024,721.56,True,TXL,AMD
AZ419,6/7/2024,6/7/2024,657.6,False,BUD,DUS
PC9189,3/1/2024,3/1/2024,690.99,False,LIM,OSL
U23055,10/10/2023,10/10/2023,308.84,False,SOF,BUD
U26287,27/03/2024,27/03/2024,461.35,False,BGY,BOG
AY1682,16/08/2024,16/08/2024,69.47,False,PEK,SVO
OS5475,14/02/2023,14/02/2023,910.45,True,FRA,BRU
LO9936,7/7/2023,7/7/2023,206.39,False,SEA,DXB
KL7581,10/1/2024,10/1/2024,98.92,True,CDG,FRA
AF5082,18/03/2025,18/03/2025,1161.61,True,SAW,BRU
SN6390,10/10/2023,10/10/2023,314.83,False,HKG,HAM
OS1749,10/7/2024,10/7/2024,547.44,False,BUD,STN
QR2757,22/01/2023,22/01/2023,36.3,True,SVO,BOS
LO6443,1/7/2023,1/7/2023,679.48,False,NCE,BOG
EK9418,21/12/2023,21/12/2023,865.17,True,VCE,LIS
QR8121,17/02/2024,17/02/2024,383.22,False,MRS,LED
AZ3931,10/9/2023,10/9/2023,1206.67,False,LAX,DOH
LH1979,7/4/2024,7/4/2024,1232.37,False,AUH,VCE
TK311,15/06/2024,15/06/2024,975.77,True,DXB,AGP
KL4053,25/10/2024,25/10/2024,505.43,True,MEL,EZE
SN6970,6/3/2024,6/3/2024,970.63,True,OPO,BHX
AF2551,3/5/2024,3/5/2024,1053.78,True,IST,ZRH
IB7723,25/11/2024,25/11/2024,88.86,False,AMS,BHX
PC4082,18/05/2023,18/05/2023,1297.04,True,PSA,WAW
QR9891,2/8/2024,2/8/2024,1208.89,True,CPH,IST
SN8206,13/01/2023,13/01/2023,521.17,False,HAM,LHR
SK2020,20/08/2023,20/08/2023,755.69,True,LIS,BUD
PC7271,25/09/2024,25/09/2024,977.76,False,LIM,ARN
LH6031,20/02/2023,20/02/2023,587.11,False,ORY,BHX
EK8265,10/7/2024,10/7/2024,1078.73,False,PSA,SIN
AF5393,29/02/2024,29/02/2024,1208.65,False,ICN,DOH
SN4335,19/05/2023,19/05/2023,442.29,True,YYZ,LED
AY8717,26/06/2023,26/06/2023,1290,False,WAW,EZE
KL619,23/02/2023,23/02/2023,801.04,False,DFW,EDI
AF6492,29/09/2023,29/09/2023,1075.08,True,VLC,MIA
AY6345,16/04/2023,16/04/2023,1158.83,True,CMB,BUD
AF2361,19/08/2024,19/08/2024,1240.43,False,LHR,BHX
QR9020,28/08/2023,28/08/2023,956.56,False,MAN,EDI
TK3476,11/10/2024,11/10/2024,1004.47,False,DXB,NRT
OS9363,22/08/2023,22/08/2023,194.58,True,JFK,BLQ
TK6380,14/01/2023,14/01/2023,95.38,False,NAP,VCE
VY7309,18/03/2025,18/03/2025,1223.38,False,GRU,ZRH
VY7958,2/5/2024,2/5/2024,617.67,False,ZRH,DFW
KL9972,13/05/2023,13/05/2023,1030.06,False,MIA,PSA
SK307,28/02/2024,28/02/2024,902.8,True,NRT,LIM
AZ3545,26/07/2023,26/07/2023,980.97,True,YVR,CPH
AZ9043,21/02/2024,21/02/2024,1022.72,True,TXL,LIN
EW410,24/11/2023,24/11/2023,164.72,False,LAX,ORD
AF9202,28/05/2024,28/05/2024,1174.41,False,CMB,AUH
QR7290,28/11/2023,28/11/2023,1005.09,False,BUD,LAX
QR4104,21/07/2024,21/07/2024,405.87,True,WAW,MAD
EW2956,11/12/2024,11/12/2024,685.58,False,FCO,ARN
TK4064,23/06/2024,23/06/2024,997.41,False,FRA,ORD
IB2453,22/02/2023,22/02/2023,792.72,True,MEL,DXB
QR6185,24/12/2023,24/12/2023,294.79,True,MUC,BHX
SK5952,11/5/2024,11/5/2024,339.32,True,JFK,MUC
QR1720,20/11/2024,20/11/2024,543.48,True,GVA,SEA
PC3009,12/4/2023,12/4/2023,1253.8,True,CPH,GRU
PC2978,23/11/2023,23/11/2023,935.01,False,SIN,OSL
QR8731,24/01/2025,24/01/2025,970.28,False,ARN,BGY
FR2939,25/01/2023,25/01/2023,637.84,False,LAX,YVR
QR5008,27/02/2023,27/02/2023,1042.66,False,NAP,YYZ
AZ8224,26/06/2024,26/06/2024,1117.89,False,HKG,GRU
AF4483,1/9/2023,1/9/2023,496.31,False,MIA,OSL
SK7647,16/09/2023,16/09/2023,933.1,False,DFW,BUD
LO166,14/12/2024,14/12/2024,126.22,False,ZRH,SYD
OS2473,5/1/2024,5/1/2024,381.52,False,CMB,NRT
SK2620,15/09/2024,15/09/2024,1172.94,True,NRT,ZRH
SK241,8/7/2023,8/7/2023,1228.63,True,GRU,DFW
LO813,6/1/2023,6/1/2023,327.44,False,MAD,MXP
IB2186,16/06/2023,16/06/2023,339.43,False,VLC,SIN
QR2411,18/03/2025,18/03/2025,319.41,True,SVO,AMD
EW9651,19/07/2023,19/07/2023,461.2,False,GRU,VLC
LH6480,19/11/2023,19/11/2023,1204.55,True,NCE,DXB
KL5196,16/06/2024,16/06/2024,882.51,False,NCE,SIN
LH697,14/12/2023,14/12/2023,1065.15,False,LIN,LAX
SN6647,9/3/2024,9/3/2024,477.34,False,ORY,CPH
SN4174,15/10/2023,15/10/2023,456.57,True,NAP,LIM
KL1592,27/12/2024,27/12/2024,1061.92,False,HAM,EDI
SK761,1/2/2024,1/2/2024,934.29,False,BUD,ORD
EW6260,1/2/2023,1/2/2023,329.24,False,DOH,LIS
AF9473,29/09/2024,29/09/2024,364.89,True,BCN,NCE
BA5757,23/08/2024,23/08/2024,330.87,False,BGY,LAX
U21720,22/08/2024,22/08/2024,671.59,False,JFK,DFW
BA5230,9/5/2023,9/5/2023,1202.82,True,PSA,BCN
FR6516,28/07/2024,28/07/2024,1274.36,False,NRT,LED
LH7550,16/08/2024,16/08/2024,736.94,True,JFK,AGP
AZ5539,27/04/2024,27/04/2024,478.89,False,OPO,HEL
U26827,5/5/2023,5/5/2023,1241.42,False,LIN,IAH
EK4854,18/08/2024,18/08/2024,1049.95,True,OPO,FRA
LO976,23/09/2023,23/09/2023,1291.53,True,VCE,LED
IB3477,7/2/2025,7/2/2025,704.17,False,EZE,HKG
AF1786,21/01/2024,21/01/2024,1062.95,True,LIN,PMO
VY9139,28/07/2023,28/07/2023,1050.54,True,VCE,ORD
U25389,3/11/2024,3/11/2024,286.34,True,SVO,LAX
SK358,22/05/2024,22/05/2024,917.95,True,SEA,ORD
IB5042,20/02/2023,20/02/2023,666.17,True,FCO,AMD
W65748,31/01/2024,31/01/2024,442.19,False,DFW,ORY
VY1564,20/09/2024,20/09/2024,910.36,True,LED,OPO
AY1452,31/03/2024,31/03/2024,601.98,False,FCO,ATH
LO8399,3/1/2023,3/1/2023,955.42,True,NAP,MIA
AF6232,6/1/2025,6/1/2025,396.75,False,AGP,OPO
W61574,11/11/2024,11/11/2024,740.04,True,DFW,CTA
FR3937,24/05/2023,24/05/2023,654.75,True,GVA,SAW
LH4727,17/01/2025,17/01/2025,97.55,False,EZE,SAW
KL1834,23/10/2024,23/10/2024,601.78,True,BHX,PMO
EW5704,29/11/2023,29/11/2023,1010.98,True,BHX,SYD
W64055,9/9/2023,9/9/2023,810.57,True,HAM,ARN
TK6772,31/12/2024,31/12/2024,1025.16,False,AMS,BUD
U23278,31/10/2023,31/10/2023,642.12,False,MXP,CTA
BA7511,7/3/2024,7/3/2024,983.15,False,LIM,ORY
W65174,9/9/2024,9/9/2024,743.5,False,SOF,OSL
EW8376,8/9/2024,8/9/2024,888.78,True,LIM,DXB
LO1782,16/06/2023,16/06/2023,1262.67,False,EZE,SYD
FR6677,5/4/2023,5/4/2023,185.41,False,DXB,PRG
FR336,5/6/2023,5/6/2023,770.98,False,VIE,FCO
SK5447,18/03/2023,18/03/2023,186.03,False,CTA,HAM
AZ876,10/1/2023,10/1/2023,1196,False,FCO,ARN
KL424,7/8/2024,7/8/2024,1256.88,True,PSA,MAN
TK9806,25/07/2023,25/07/2023,373.59,False,MUC,VLC
W6342,29/05/2024,29/05/2024,615.07,True,VLC,ORD
TK490,30/12/2024,30/12/2024,66.98,True,MAN,BUD
LO8615,2/9/2023,2/9/2023,355.83,False,SAW,LED
SK4156,24/11/2024,24/11/2024,220.23,False,OSL,MAD
FR6784,30/07/2023,30/07/2023,916.01,True,PMO,TXL
OS5133,24/01/2024,24/01/2024,95.02,True,BRU,YYZ
QR4572,30/07/2023,30/07/2023,1287.26,True,ORY,BOG
AF5701,19/09/2023,19/09/2023,861.71,False,DOH,DXB
LO9106,22/11/2024,22/11/2024,729.82,True,ARN,BOS
U24405,17/03/2024,17/03/2024,193.79,False,LIS,PSA
SK6034,6/9/2024,6/9/2024,657.69,True,ESB,PMO
IB6957,13/11/2024,13/11/2024,1214.16,False,BOS,BUD
AY1338,21/03/2025,21/03/2025,854.07,True,NRT,LIS
SN6940,20/09/2024,20/09/2024,121.31,True,FRA,ARN
QR8705,28/10/2023,28/10/2023,589.88,True,FRA,HEL
W63551,22/12/2023,22/12/2023,643.29,False,BLQ,MXP
SK9149,27/03/2024,27/03/2024,129.42,True,VCE,LED
BA4849,14/03/2025,14/03/2025,954.36,False,EDI,AGP
AY3261,13/01/2023,13/01/2023,1036.91,False,BUD,PRG
AY9822,31/07/2023,31/07/2023,1112.79,True,ORY,DUB
QR1767,7/4/2023,7/4/2023,1157.3,True,NCE,EDI
PC6217,18/02/2025,18/02/2025,656.89,True,SVO,WAW
SK7344,13/08/2023,13/08/2023,521.89,True,NAP,BLQ
SK6996,19/06/2024,19/06/2024,282.53,False,MIA,NCE
IB6439,19/07/2023,19/07/2023,140.1,False,SIN,NAP
EK8079,19/09/2024,19/09/2024,911.21,True,MUC,ORD
EK1081,30/03/2024,30/03/2024,909.75,False,OPO,HKG
SK6774,16/08/2024,16/08/2024,519.32,True,OPO,MAD
U2603,12/11/2023,12/11/2023,926.99,True,GRU,BRU
W63698,24/03/2023,24/03/2023,1289.99,False,ARN,DFW
IB5347,22/03/2023,22/03/2023,1210.84,True,TXL,AMS
BA7324,7/6/2023,7/6/2023,1251.64,True,LIN,GVA
AY1529,8/4/2024,8/4/2024,150.92,False,PMO,YVR
AZ2093,19/02/2023,19/02/2023,1168.87,True,MAD,SVO
LO4840,14/02/2025,14/02/2025,458.83,True,NAP,BCN
U25618,17/11/2024,17/11/2024,317.77,False,STN,MEL
SN6545,26/01/2024,26/01/2024,715.34,False,BHX,SAW
U23086,14/05/2024,14/05/2024,742.06,False,MEL,GVA
IB8799,3/1/2024,3/1/2024,344.97,True,LIN,LGW
SK6016,11/2/2024,11/2/2024,306.08,True,BCN,VCE
VY8820,3/12/2024,3/12/2024,102.39,True,SOF,ARN
AY9960,20/05/2024,20/05/2024,811,True,LHR,MAD
VY202,2/6/2024,2/6/2024,370.86,False,CTA,GVA
SN7237,19/03/2024,19/03/2024,420.54,False,DOH,TXL
TK7003,1/8/2023,1/8/2023,591.71,False,ESB,YVR
W69052,9/3/2023,9/3/2023,1099.45,True,MEL,LIN
AF1161,22/02/2023,22/02/2023,1135.45,True,YYZ,PEK
AY4961,24/10/2024,24/10/2024,118.15,True,OSL,MAN
EK3985,19/10/2024,19/10/2024,946.44,True,VLC,EZE
PC5888,14/10/2023,14/10/2023,179.18,False,LHR,BHX
EK4585,8/8/2024,8/8/2024,979.16,True,DFW,EZE
PC4948,22/08/2024,22/08/2024,921.08,True,ORD,DUB
EW630,21/01/2023,21/01/2023,529.53,True,ZRH,MUC
PC7011,12/2/2025,12/2/2025,1088.24,True,PMO,BGY
AZ6286,18/08/2023,18/08/2023,1027.56,False,SVO,SOF
SK8914,5/3/2024,5/3/2024,392.95,True,BCN,LIN
FR2056,6/5/2024,6/5/2024,970.75,True,PEK,MRS
AY8257,9/8/2024,9/8/2024,980.2,False,CDG,VCE
LO3089,5/10/2023,5/10/2023,765.78,False,VIE,LED
PC2285,15/01/2023,15/01/2023,871.49,True,VLC,ORY
U21115,6/1/2023,6/1/2023,754.45,False,DOH,YVR
KL540,27/02/2023,27/02/2023,631.94,False,PSA,MRS
PC7118,7/10/2024,7/10/2024,601.06,False,MAN,LED
VY3059,3/3/2023,3/3/2023,290.95,False,GVA,MEL
VY510,22/08/2024,22/08/2024,1015.98,True,MEL,FCO
KL5512,4/4/2023,4/4/2023,643.04,True,WAW,ICN
OS9021,1/3/2023,1/3/2023,1126.13,False,AMD,LIS
EK9488,5/5/2023,5/5/2023,712.32,False,PSA,PEK
U25073,2/8/2023,2/8/2023,1233.19,True,OPO,HAM
EK2963,25/06/2024,25/06/2024,92.88,True,MEL,BCN
TK9497,21/03/2024,21/03/2024,963.65,True,HAM,SEA
AZ8132,24/09/2023,24/09/2023,438.13,True,JFK,DUS
OS3418,12/8/2024,12/8/2024,401.1,False,LAX,MEL
OS4453,28/10/2023,28/10/2023,180.69,False,LGW,CDG
U29648,30/11/2023,30/11/2023,941.49,True,IST,BOS
AZ7987,28/02/2023,28/02/2023,915.31,False,HKG,TXL
BA9921,4/6/2024,4/6/2024,1224.86,True,TXL,FCO
VY8872,4/3/2023,4/3/2023,478.33,False,HAM,BGY
SK543,11/3/2024,11/3/2024,342.74,False,DOH,YVR
EK6809,25/04/2023,25/04/2023,456.52,False,EDI,ORD
LH963,20/02/2025,20/02/2025,179.64,True,BGY,AUH
FR8530,16/02/2025,16/02/2025,272.47,False,OPO,IAH
U25440,14/10/2024,14/10/2024,1291.28,False,CTA,CMB
OS553,12/11/2024,12/11/2024,626.58,True,ARN,FCO
VY279,26/03/2024,26/03/2024,724.31,True,DXB,LIN
SN9271,16/01/2023,16/01/2023,1234.5,False,ARN,DOH
W61273,4/1/2025,4/1/2025,1133.88,True,MXP,MEL
SK1473,6/7/2024,6/7/2024,605.68,True,FCO,GVA
LO6206,11/8/2024,11/8/2024,234.02,True,PRG,DUB
AF5067,12/3/2025,12/3/2025,227.26,False,MAD,YYZ
SK2437,29/03/2023,29/03/2023,128.21,True,MXP,OPO
FR2119,26/01/2025,26/01/2025,652.47,True,DUS,MRS
W6922,15/06/2024,15/06/2024,1209.45,True,STN,MIA
W62981,6/8/2024,6/8/2024,1255.73,False,EZE,ESB
BA8974,24/05/2024,24/05/2024,371.25,True,OPO,LAX
PC7503,16/03/2024,16/03/2024,748.21,False,MIA,SOF
AY4238,5/9/2023,5/9/2023,483.01,False,DXB,VLC
AF1644,3/6/2024,3/6/2024,1216.4,False,PSA,MUC
EK1614,11/8/2023,11/8/2023,700.65,True,GRU,DXB
LH8038,8/6/2023,8/6/2023,701.7,True,MUC,GRU
OS2802,24/09/2024,24/09/2024,1267.51,False,HKG,EDI
SK924,12/9/2024,12/9/2024,30.9,True,LIS,DUS
LH733,16/07/2024,16/07/2024,513.48,False,DUB,PRG
U24299,20/05/2023,20/05/2023,1090.67,False,BLQ,VLC
LH3618,28/10/2023,28/10/2023,128.51,True,PEK,OSL
AF6428,19/11/2023,19/11/2023,557.67,True,ZRH,MAN
EK1786,4/9/2023,4/9/2023,1064.93,False,BHX,IAH
VY7695,10/12/2023,10/12/2023,370.22,True,LAX,CDG
BA6522,14/08/2024,14/08/2024,735.33,True,BCN,MRS
SK468,14/08/2023,14/08/2023,1275.3,False,BOG,CMB
KL4474,9/3/2025,9/3/2025,340.94,False,LHR,YVR
OS4500,21/12/2024,21/12/2024,1119.97,False,NAP,DXB
AZ1874,2/11/2024,2/11/2024,325.29,False,VIE,VCE
PC1737,18/12/2024,18/12/2024,1104.7,True,LHR,DUB
PC9063,24/04/2023,24/04/2023,1055.36,False,YVR,VCE
LO5358,13/09/2023,13/09/2023,677.32,True,GRU,ESB
W63631,22/02/2025,22/02/2025,985.49,False,HKG,ICN
IB489,23/10/2024,23/10/2024,1012.42,False,FCO,BOG
OS8244,1/6/2023,1/6/2023,707.86,False,BHX,YYZ
IB3450,15/11/2023,15/11/2023,906.26,False,EZE,FCO
SN8969,19/01/2025,19/01/2025,74.24,True,MUC,LIN
BA7349,13/07/2023,13/07/2023,134.87,True,BOS,MXP
AZ1834,16/08/2023,16/08/2023,461.36,True,DFW,EZE
U29448,2/7/2024,2/7/2024,608.77,True,BOG,MXP
PC8782,3/10/2024,3/10/2024,50.53,False,EDI,LGW
AF7707,3/6/2023,3/6/2023,1007.54,False,BCN,JFK
PC6797,7/10/2023,7/10/2023,290.84,True,VCE,IAH
FR3135,9/10/2024,9/10/2024,841.52,False,LAX,CPH
AY8449,3/5/2024,3/5/2024,416.74,False,AGP,VIE
FR6948,26/02/2024,26/02/2024,527.2,True,NRT,AUH
EK1438,23/05/2024,23/05/2024,187.95,False,PMO,SCL
QR8030,4/4/2024,4/4/2024,851.94,True,SIN,HKG
SK5047,7/2/2023,7/2/2023,673.2,True,SCL,SYD
EK2613,29/11/2024,29/11/2024,228.86,True,VCE,MAN
LH7376,30/01/2025,30/01/2025,1039.36,False,DOH,VLC
IB6480,17/02/2024,17/02/2024,252.26,False,DUS,PSA
TK6028,17/02/2024,17/02/2024,539.92,True,BUD,BGY
EK6815,14/04/2023,14/04/2023,561.85,True,MAD,GRU
AY6772,3/2/2025,3/2/2025,321.63,True,CTA,MAD
FR7535,17/07/2024,17/07/2024,603.92,False,SAW,MAD
AF7445,21/03/2023,21/03/2023,449.96,True,LED,CDG
AZ2853,21/10/2024,21/10/2024,823.4,False,BOG,MRS
SK2610,9/1/2024,9/1/2024,497.98,False,GRU,GVA
AY2263,7/9/2024,7/9/2024,1066.03,True,GRU,VIE
IB109,7/11/2023,7/11/2023,814.65,True,PSA,MIA
SN2555,17/08/2024,17/08/2024,99.17,True,OPO,EDI
U26336,20/12/2023,20/12/2023,1172.81,False,BGY,EDI
U28132,25/08/2023,25/08/2023,1166.73,True,BOS,ORD
KL4571,7/2/2024,7/2/2024,647.23,True,VLC,DXB
BA3595,7/1/2023,7/1/2023,739.38,True,ESB,ORD
LH198,6/4/2024,6/4/2024,600.2,True,BGY,NRT
VY8693,17/06/2023,17/06/2023,720.61,True,PEK,DOH
LH918,29/03/2024,29/03/2024,618.75,True,AMS,AGP
TK7069,27/08/2024,27/08/2024,525.63,False,CDG,DXB
KL697,26/07/2024,26/07/2024,548.33,True,BCN,VCE
U28137,26/01/2024,26/01/2024,785.39,False,DUB,SAW
QR6157,28/06/2023,28/06/2023,269.27,False,BUD,EZE
KL4850,28/03/2023,28/03/2023,1026.55,True,ZRH,NAP
FR3331,18/10/2023,18/10/2023,876.66,False,MIA,PEK
QR6905,10/10/2024,10/10/2024,931.18,True,ZRH,AMS
AY7694,3/2/2024,3/2/2024,74.02,True,PEK,YVR
SK1660,28/03/2023,28/03/2023,980.62,False,LIN,HAM
IB3269,5/7/2024,5/7/2024,109.18,False,WAW,AMD
PC5360,30/03/2023,30/03/2023,624.96,False,BHX,ZRH
BA1929,24/03/2023,24/03/2023,214.96,False,EDI,PRG
VY3768,10/1/2025,10/1/2025,786.84,False,SIN,YYZ
TK2357,21/01/2024,21/01/2024,180.29,True,ORY,LGW
U26743,4/10/2024,4/10/2024,1031.4,True,LIS,NAP
SK4793,18/11/2023,18/11/2023,1286.75,True,SOF,NCE
PC2381,6/2/2023,6/2/2023,434.63,True,DXB,SIN
EW1976,8/3/2023,8/3/2023,376.37,True,WAW,BHX
LO1056,1/3/2024,1/3/2024,595.93,False,VIE,ICN
QR3171,14/06/2023,14/06/2023,663.63,False,MRS,BUD
KL9817,29/12/2024,29/12/2024,431.07,False,MAD,LIM
AY2702,1/8/2023,1/8/2023,991.59,True,SEA,HKG
SK9715,25/03/2024,25/03/2024,1197.21,False,ORD,AGP
OS5176,26/09/2024,26/09/2024,114.69,True,DXB,VLC
W64048,16/03/2024,16/03/2024,603.35,True,DXB,VCE
FR775,16/01/2025,16/01/2025,817.81,False,NAP,LHR
IB965,17/07/2024,17/07/2024,910.11,True,FRA,EDI
PC4563,15/01/2025,15/01/2025,1278.33,True,CDG,HKG
OS3473,20/02/2023,20/02/2023,525.95,True,SEA,PRG
FR5341,19/10/2023,19/10/2023,643.09,True,AUH,PRG
LO4786,26/08/2023,26/08/2023,638.16,True,DOH,MAN
AF5031,16/03/2023,16/03/2023,872.85,False,HEL,NAP
BA7085,15/09/2024,15/09/2024,292.52,False,MAN,SCL
IB4617,7/10/2023,7/10/2023,1105.9,True,HKG,YYZ
SN9024,1/6/2023,1/6/2023,978.02,False,LIS,AMD
QR5763,9/1/2023,9/1/2023,591.62,False,LIN,GRU
LH8565,24/02/2025,24/02/2025,337.87,True,DUB,AUH
AZ2444,11/12/2023,11/12/2023,872.79,False,HKG,MXP
BA7088,25/07/2023,25/07/2023,1022.57,True,SVO,PMO
W63746,19/01/2024,19/01/2024,139.46,True,PEK,CMB
LH4178,18/09/2024,18/09/2024,756.74,False,MAN,LIS
EW688,29/09/2023,29/09/2023,641.19,False,PMO,MRS
SK4722,9/12/2024,9/12/2024,648.84,True,OPO,DUB
EW808,3/8/2023,3/8/2023,657.66,False,SVO,ARN
QR1195,22/08/2024,22/08/2024,523.11,False,HKG,DOH
BA2287,20/11/2023,20/11/2023,898.3,False,IAH,NRT
VY4371,2/9/2023,2/9/2023,876.06,False,LIN,LGW
TK9791,8/2/2025,8/2/2025,862.51,False,PRG,SVO
SK5697,21/03/2025,21/03/2025,885.95,False,GVA,JFK
LO9132,28/05/2024,28/05/2024,792.13,True,AMS,EZE
LH1406,12/11/2024,12/11/2024,934.08,True,JFK,FCO
EK897,10/9/2023,10/9/2023,520.69,True,MAD,LHR
PC5077,31/01/2024,31/01/2024,1118.07,True,TXL,HAM
EK6379,18/10/2024,18/10/2024,527.3,True,SYD,DFW
AZ2279,29/06/2023,29/06/2023,901.19,True,GRU,VLC
KL4446,14/01/2023,14/01/2023,783.29,False,NCE,FCO
AZ2162,31/08/2023,31/08/2023,582.52,True,LED,WAW
AF1031,18/10/2024,18/10/2024,669.43,False,OSL,SAW
TK4856,26/03/2025,26/03/2025,882.03,True,CDG,PMO
LH9052,26/02/2024,26/02/2024,1101.7,True,ATH,DOH
QR8955,15/09/2024,15/09/2024,666.43,False,BRU,SYD
KL1124,19/06/2024,19/06/2024,257.7,False,SCL,CPH
BA8290,15/11/2024,15/11/2024,375.4,False,BLQ,NCE
BA6097,17/01/2025,17/01/2025,1169.31,False,JFK,AGP
VY4366,17/06/2023,17/06/2023,444.8,False,BUD,MXP
W65456,23/10/2023,23/10/2023,748.08,False,YVR,EDI
AY1994,21/10/2023,21/10/2023,81,True,SIN,MAN
TK2183,26/08/2024,26/08/2024,852.93,False,AGP,FRA
AF3380,11/11/2023,11/11/2023,1123.1,True,SCL,CDG
W6194,7/10/2023,7/10/2023,587.19,True,PEK,LIM
TK4647,14/11/2023,14/11/2023,417.14,True,LIN,ZRH
U29325,8/3/2025,8/3/2025,1064.76,False,NAP,FCO
TK1177,19/06/2024,19/06/2024,370.6,False,SEA,LIN
AY9798,2/7/2023,2/7/2023,641.45,True,ARN,OPO
PC7261,5/11/2023,5/11/2023,421.04,True,SCL,LIM
OS4029,2/12/2024,2/12/2024,746.28,True,FCO,ZRH
AY8986,4/7/2023,4/7/2023,803.74,True,PSA,NRT
LO1265,17/05/2024,17/05/2024,816.61,False,LAX,CTA
AF7761,2/5/2024,2/5/2024,79.63,False,LGW,MUC
IB1292,12/9/2024,12/9/2024,898.02,False,BOS,AMS
FR3432,20/05/2023,20/05/2023,738.17,False,BRU,GRU
VY5420,25/05/2024,25/05/2024,847.29,True,MIA,SAW
FR9588,12/9/2023,12/9/2023,1175.53,True,DOH,ZRH
VY7683,5/3/2025,5/3/2025,361.03,True,AMD,NCE
EK7618,26/02/2024,26/02/2024,810.71,False,ARN,VCE
TK9842,20/03/2025,20/03/2025,760.55,False,AMD,CDG
KL4528,21/02/2023,21/02/2023,749.08,True,SVO,SCL
PC5892,16/05/2024,16/05/2024,1183.45,True,FCO,MRS
SN7161,8/12/2024,8/12/2024,713.37,True,VIE,EDI
AY2391,31/12/2023,31/12/2023,186.43,True,VCE,ATH
W65637,19/07/2023,19/07/2023,621.03,False,SIN,HEL
SN4664,10/1/2025,10/1/2025,960.19,True,NRT,HAM
IB2670,12/3/2025,12/3/2025,535.63,False,SCL,ATH
IB7761,27/10/2024,27/10/2024,456,False,GRU,SEA
TK5042,21/05/2023,21/05/2023,1185.68,True,OSL,PSA
VY2595,11/1/2023,11/1/2023,374.75,False,NAP,SIN
SN7237,29/01/2025,29/01/2025,1211.64,True,EDI,SYD
PC347,4/2/2025,4/2/2025,1256.42,True,MIA,MAD
IB6080,13/12/2023,13/12/2023,783.46,True,LIM,SOF
PC9090,11/2/2023,11/2/2023,477.31,False,BHX,FRA
AF8859,9/12/2023,9/12/2023,104.17,True,FCO,BGY
VY4855,16/02/2023,16/02/2023,278.05,False,BUD,CTA
PC5662,20/09/2024,20/09/2024,409.3,True,HKG,AMD
EK4721,19/01/2025,19/01/2025,261.48,False,LIM,AMS
BA7640,6/2/2023,6/2/2023,757.9,False,CTA,VIE
AZ6687,23/07/2023,23/07/2023,838.72,True,ORD,PMO
KL8942,7/4/2024,7/4/2024,584.35,False,LED,BLQ
SK9124,9/2/2023,9/2/2023,991.15,True,BUD,GVA
U21405,13/01/2024,13/01/2024,742.49,True,BGY,CPH
LO2700,11/6/2024,11/6/2024,570.56,False,DUS,MEL
SK6899,13/04/2023,13/04/2023,909.09,True,NRT,ARN
AY7077,10/9/2024,10/9/2024,56.51,True,ATH,VCE
W67099,14/09/2024,14/09/2024,743.07,False,BOS,BUD
TK7804,18/06/2024,18/06/2024,935.79,False,ICN,BCN
LO9858,29/08/2023,29/08/2023,1150.17,False,MXP,ESB
W64284,18/01/2024,18/01/2024,1166.79,True,CPH,PEK
KL5399,5/9/2024,5/9/2024,970.55,False,SVO,LIS
AZ4474,22/12/2024,22/12/2024,517.86,False,DOH,SYD
W68492,2/1/2024,2/1/2024,200.17,True,TXL,BGY
AZ358,25/08/2023,25/08/2023,716.76,True,OSL,ESB
SN8127,7/10/2024,7/10/2024,556.43,True,SYD,AMD
FR3246,24/02/2023,24/02/2023,1098.18,True,CTA,HKG
U28287,27/02/2025,27/02/2025,364.46,False,MUC,LIM
W62766,14/03/2024,14/03/2024,1075.31,True,MAN,NCE
EW4706,16/03/2025,16/03/2025,761.14,True,DUB,LHR
PC6200,25/01/2025,25/01/2025,1254.62,True,DFW,ZRH
U26545,6/1/2023,6/1/2023,1169.82,False,DFW,WAW
BA5452,20/10/2023,20/10/2023,1066.46,True,DUB,CTA
LH3676,30/10/2023,30/10/2023,403.89,False,DXB,BOG
IB4044,26/01/2024,26/01/2024,266.74,True,ESB,NAP
PC3640,25/03/2025,25/03/2025,682.12,True,JFK,BRU
EW1710,1/10/2023,1/10/2023,428.51,True,FCO,DXB
IB8070,11/2/2023,11/2/2023,625.6,True,PSA,YVR
FR6440,13/01/2024,13/01/2024,37.61,False,SYD,ZRH
LH5998,28/12/2023,28/12/2023,687.41,True,VIE,HEL
U24461,30/11/2024,30/11/2024,999.86,False,ARN,ICN
IB1463,1/5/2023,1/5/2023,1272.88,False,ARN,CMB
AY8976,19/05/2024,19/05/2024,83.87,True,MAN,ORY
BA4851,22/05/2024,22/05/2024,102.92,False,ESB,ICN
U2475,29/10/2024,29/10/2024,492.66,False,ICN,CTA
OS9483,9/10/2024,9/10/2024,649.7,True,ICN,CPH
OS9990,20/09/2024,20/09/2024,688.04,False,SYD,PSA
LH9583,4/2/2025,4/2/2025,745.54,True,MAD,AGP
W65096,1/2/2024,1/2/2024,1069.46,False,ATH,MEL
IB3673,26/01/2024,26/01/2024,426.49,True,NRT,MXP
LH5069,1/1/2023,1/1/2023,958.43,False,YVR,GRU
TK3519,24/03/2023,24/03/2023,585.07,False,AGP,PRG
KL5267,6/1/2023,6/1/2023,885.95,True,MUC,PRG
KL4491,15/05/2023,15/05/2023,161.12,True,GRU,ATH
AZ9444,10/1/2024,10/1/2024,139.14,True,NAP,SYD
FR8548,6/9/2024,6/9/2024,967.35,False,VLC,VIE
IB6960,3/10/2024,3/10/2024,1151,False,ORY,SCL
FR968,15/12/2024,15/12/2024,416.62,False,BRU,CPH
BA6510,20/01/2023,20/01/2023,71.87,True,VIE,ESB
AY1793,27/12/2023,27/12/2023,249.65,True,LHR,LIM
W69859,28/04/2023,28/04/2023,558.21,False,CTA,EDI
OS6574,12/7/2024,12/7/2024,687.99,True,STN,FRA
FR5329,23/11/2023,23/11/2023,242.11,True,DOH,JFK
AZ7701,23/01/2023,23/01/2023,1210.99,True,BCN,DOH
SK5706,21/11/2024,21/11/2024,117.39,False,ORD,MUC
KL5966,25/10/2024,25/10/2024,397.22,False,CDG,JFK
LO247,10/5/2023,10/5/2023,673.43,True,SEA,CPH
EK8240,30/06/2024,30/06/2024,1093.35,False,PRG,LED
U25567,24/07/2023,24/07/2023,1023.81,False,LED,SIN
KL5480,13/09/2024,13/09/2024,352.16,False,NAP,LIS
AF4548,29/02/2024,29/02/2024,1223.96,True,STN,LED
SK3250,2/5/2023,2/5/2023,829.67,True,WAW,MAD
SN3103,24/01/2024,24/01/2024,736.2,True,VCE,EZE
PC6687,23/06/2024,23/06/2024,517.89,True,DUB,NRT
EK4071,26/01/2023,26/01/2023,639.36,True,BUD,AGP
AY211,12/5/2024,12/5/2024,965.15,True,BGY,VCE
IB3960,26/09/2024,26/09/2024,343.06,False,MUC,MIA
QR4550,8/1/2023,8/1/2023,286.92,True,ORY,OSL
PC1647,21/01/2024,21/01/2024,375.98,True,LIN,MXP
U27561,23/03/2024,23/03/2024,392.31,True,FCO,DXB
EK8104,18/02/2025,18/02/2025,324.22,False,TXL,ATH
PC9491,3/3/2025,3/3/2025,65.08,True,SIN,ZRH
AZ5370,30/01/2023,30/01/2023,89.97,False,JFK,LIN
AY8267,23/08/2023,23/08/2023,231.4,False,HKG,CPH
QR7046,29/08/2024,29/08/2024,926.4,True,PSA,DXB
VY5085,26/11/2024,26/11/2024,240.24,True,SOF,OSL
SN358,10/12/2024,10/12/2024,703.06,True,BRU,YYZ
PC7205,24/06/2024,24/06/2024,1042.67,False,CTA,DFW
IB714,14/10/2023,14/10/2023,463.68,False,HEL,DUS
AF4348,14/05/2023,14/05/2023,959.13,True,FCO,WAW
W67226,13/01/2025,13/01/2025,1120.43,True,MRS,MEL
EW534,6/9/2024,6/9/2024,689.09,False,MXP,NCE
KL8372,2/6/2024,2/6/2024,757.87,True,JFK,VLC
SK9653,27/03/2025,27/03/2025,1216.93,False,OSL,CMB
VY2366,20/10/2023,20/10/2023,997.74,True,BCN,IST
U23832,15/10/2023,15/10/2023,1261.17,False,TXL,YVR
AZ8793,17/01/2025,17/01/2025,958.63,False,SVO,STN
BA2025,19/01/2025,19/01/2025,1185.65,False,AMD,ICN
EW7344,23/02/2025,23/02/2025,259.1,False,MIA,HAM
W67297,6/10/2024,6/10/2024,281.58,True,CTA,NRT
U26029,6/1/2025,6/1/2025,312.64,True,MAD,EDI
AZ4506,7/9/2023,7/9/2023,738.59,False,DXB,VCE
EW2888,11/7/2024,11/7/2024,613.82,False,SOF,CMB
QR5709,4/4/2024,4/4/2024,60.27,False,PEK,DXB
IB159,9/1/2024,9/1/2024,645.31,True,FCO,WAW
IB981,8/2/2024,8/2/2024,581.64,True,IAH,LIS
FR4130,6/3/2024,6/3/2024,324.31,True,DXB,MEL
PC3420,13/11/2024,13/11/2024,126.76,True,MRS,FCO
LO7470,29/03/2024,29/03/2024,891.19,False,EZE,PMO
SN1605,16/05/2024,16/05/2024,54.04,True,ORY,LED
PC6691,25/06/2024,25/06/2024,242.48,True,BGY,CTA
AY8006,16/01/2025,16/01/2025,796.29,True,NAP,BOG
AF2453,12/11/2023,12/11/2023,604.81,False,VIE,VCE
VY4936,31/01/2025,31/01/2025,1129.35,False,VIE,ZRH
VY7367,20/01/2024,20/01/2024,518.96,False,CPH,BCN
AF9061,21/12/2023,21/12/2023,1143.89,True,AMS,WAW
FR8371,2/1/2025,2/1/2025,1284.35,False,MEL,JFK
AZ6513,30/12/2023,30/12/2023,278.83,True,BOG,STN
AY3602,16/11/2023,16/11/2023,948.61,True,CPH,VIE
PC871,23/08/2023,23/08/2023,325.25,True,LHR,LIM
EW5088,17/03/2023,17/03/2023,505.94,False,EZE,HEL
W61368,30/04/2024,30/04/2024,31.93,True,WAW,ZRH
W67507,29/03/2025,29/03/2025,202.1,False,BOS,CMB
LO1435,11/12/2023,11/12/2023,36.96,True,BCN,IAH
FR1555,28/02/2025,28/02/2025,1172.65,False,LIN,LGW
AZ6836,19/06/2023,19/06/2023,398.62,True,WAW,FCO
LO6216,17/06/2023,17/06/2023,639.38,True,SIN,SOF
SN1616,29/05/2023,29/05/2023,429.02,True,GVA,STN
W68632,6/2/2023,6/2/2023,284.84,True,ATH,MAD
QR9182,14/06/2024,14/06/2024,536.25,True,TXL,LAX
TK6333,13/03/2024,13/03/2024,816.55,False,YYZ,LHR
EK1474,16/08/2024,16/08/2024,33.01,True,OPO,AMD
OS4236,14/08/2024,14/08/2024,431.04,True,MAD,LHR
LH2598,21/06/2024,21/06/2024,894.04,False,OPO,MIA
PC5563,19/08/2024,19/08/2024,1046.9,False,DOH,AGP
